,Approach,Corruption Type,Date,Fscore,Model
0,Baseline,brightness,2024-04-08 19:38:10.873126,0.6254688691940553,ResNet50
1,Baseline,contrast,2024-04-08 19:38:13.253515,0.2828184634024088,ResNet50
2,Baseline,defocus blur,2024-04-08 19:38:15.595836,0.551364052846887,ResNet50
3,Baseline,elastic,2024-04-08 19:38:17.933505,0.5258789082165566,ResNet50
4,Baseline,fog,2024-04-08 19:38:20.259198,0.4230157322133603,ResNet50
5,Baseline,frost,2024-04-08 19:38:22.593083,0.5023513941003336,ResNet50
6,Baseline,frosted glass blur,2024-04-08 19:38:24.932410,0.5792947175463853,ResNet50
7,Baseline,gaussian blur,2024-04-08 19:38:27.271401,0.4993073377416369,ResNet50
8,Baseline,gaussian noise,2024-04-08 19:38:29.612077,0.5766708079128986,ResNet50
9,Baseline,impulse noise,2024-04-08 19:38:31.936066,0.5412393589777447,ResNet50
10,Baseline,jpeg compression,2024-04-08 19:38:34.272303,0.6388330053303655,ResNet50
11,Baseline,motion blur,2024-04-08 19:38:36.618753,0.4322496737433643,ResNet50
12,Baseline,pixelate,2024-04-08 19:38:38.963699,0.6322317950823804,ResNet50
13,Baseline,saturate,2024-04-08 19:38:41.314805,0.6512168720076243,ResNet50
14,Baseline,shot noise,2024-04-08 19:38:43.656249,0.6035900925541122,ResNet50
15,Baseline,snow,2024-04-08 19:38:45.994657,0.5597286652466255,ResNet50
16,Baseline,spatter,2024-04-08 19:38:48.322121,0.5826399060108555,ResNet50
17,Baseline,speckle noise,2024-04-08 19:38:50.670294,0.6157139133667984,ResNet50
18,Baseline,zoom blur,2024-04-08 19:38:52.997264,0.4958246209184073,ResNet50
19,Baseline,brightness,2024-04-08 19:47:20.172298,0.6017734179186152,ResNet50
20,Baseline,contrast,2024-04-08 19:47:22.516629,0.264975638914776,ResNet50
21,Baseline,defocus blur,2024-04-08 19:47:24.841497,0.5842612496124967,ResNet50
22,Baseline,elastic,2024-04-08 19:47:27.174473,0.5418361500853265,ResNet50
23,Baseline,fog,2024-04-08 19:47:29.498065,0.4169667413847874,ResNet50
24,Baseline,frost,2024-04-08 19:47:31.816617,0.3563908013074925,ResNet50
25,Baseline,frosted glass blur,2024-04-08 19:47:34.167640,0.5949373240072537,ResNet50
26,Baseline,gaussian blur,2024-04-08 19:47:36.518712,0.5106761078649064,ResNet50
27,Baseline,gaussian noise,2024-04-08 19:47:38.846647,0.6503694149966931,ResNet50
28,Baseline,impulse noise,2024-04-08 19:47:41.194240,0.6228653307373752,ResNet50
29,Baseline,jpeg compression,2024-04-08 19:47:43.536649,0.6907841057140701,ResNet50
30,Baseline,motion blur,2024-04-08 19:47:45.869448,0.4144412573739259,ResNet50
31,Baseline,pixelate,2024-04-08 19:47:48.188786,0.6834105612018283,ResNet50
32,Baseline,saturate,2024-04-08 19:47:50.536169,0.7280842357895149,ResNet50
33,Baseline,shot noise,2024-04-08 19:47:52.862933,0.6882708419701238,ResNet50
34,Baseline,snow,2024-04-08 19:47:55.201012,0.5933304818589583,ResNet50
35,Baseline,spatter,2024-04-08 19:47:57.540167,0.626194528708798,ResNet50
36,Baseline,speckle noise,2024-04-08 19:47:59.854809,0.6906368906762651,ResNet50
37,Baseline,zoom blur,2024-04-08 19:48:02.180783,0.5104219446408517,ResNet50
38,Baseline,brightness,2024-04-08 19:55:09.405327,0.7270185052638043,ResNet50
39,Baseline,contrast,2024-04-08 19:55:11.732029,0.3785624709396801,ResNet50
40,Baseline,defocus blur,2024-04-08 19:55:14.068362,0.6863695266285861,ResNet50
41,Baseline,elastic,2024-04-08 19:55:16.398858,0.629427609090397,ResNet50
42,Baseline,fog,2024-04-08 19:55:18.728550,0.5471339441674197,ResNet50
43,Baseline,frost,2024-04-08 19:55:21.119026,0.5442001615201798,ResNet50
44,Baseline,frosted glass blur,2024-04-08 19:55:23.470733,0.6746334801316296,ResNet50
45,Baseline,gaussian blur,2024-04-08 19:55:25.795686,0.6220642390499395,ResNet50
46,Baseline,gaussian noise,2024-04-08 19:55:28.106667,0.6666355423877477,ResNet50
47,Baseline,impulse noise,2024-04-08 19:55:30.440121,0.6313014042034453,ResNet50
48,Baseline,jpeg compression,2024-04-08 19:55:32.772264,0.7623854469032727,ResNet50
49,Baseline,motion blur,2024-04-08 19:55:35.109504,0.4595921123953247,ResNet50
50,Baseline,pixelate,2024-04-08 19:55:37.442600,0.7633525247704693,ResNet50
51,Baseline,saturate,2024-04-08 19:55:39.781726,0.7758593092042292,ResNet50
52,Baseline,shot noise,2024-04-08 19:55:42.104345,0.7154422296415239,ResNet50
53,Baseline,snow,2024-04-08 19:55:44.464621,0.6791493966025042,ResNet50
54,Baseline,spatter,2024-04-08 19:55:46.803871,0.6675614432273871,ResNet50
55,Baseline,speckle noise,2024-04-08 19:55:49.129993,0.7353900422727735,ResNet50
56,Baseline,zoom blur,2024-04-08 19:55:51.476350,0.6062372586016103,ResNet50
57,Baseline,brightness,2024-04-08 20:04:16.220237,0.7822247724996588,ResNet50
58,Baseline,contrast,2024-04-08 20:04:19.501724,0.4347668434477558,ResNet50
59,Baseline,defocus blur,2024-04-08 20:04:21.824846,0.779134736460344,ResNet50
60,Baseline,elastic,2024-04-08 20:04:24.154621,0.7250220019978049,ResNet50
61,Baseline,fog,2024-04-08 20:04:26.477876,0.6377052431341166,ResNet50
62,Baseline,frost,2024-04-08 20:04:28.816256,0.6166892041160165,ResNet50
63,Baseline,frosted glass blur,2024-04-08 20:04:31.153097,0.6558660059809955,ResNet50
64,Baseline,gaussian blur,2024-04-08 20:04:33.493344,0.7367223212362694,ResNet50
65,Baseline,gaussian noise,2024-04-08 20:04:35.882625,0.6002594767247963,ResNet50
66,Baseline,impulse noise,2024-04-08 20:04:38.221597,0.5579975993135858,ResNet50
67,Baseline,jpeg compression,2024-04-08 20:04:40.555060,0.7716748773870595,ResNet50
68,Baseline,motion blur,2024-04-08 20:04:42.885823,0.595105216573754,ResNet50
69,Baseline,pixelate,2024-04-08 20:04:45.227870,0.8013213806033305,ResNet50
70,Baseline,saturate,2024-04-08 20:04:47.561934,0.8006232848840172,ResNet50
71,Baseline,shot noise,2024-04-08 20:04:49.893954,0.659295265731231,ResNet50
72,Baseline,snow,2024-04-08 20:04:52.235818,0.6663950881418288,ResNet50
73,Baseline,spatter,2024-04-08 20:04:54.562238,0.6218508204696288,ResNet50
74,Baseline,speckle noise,2024-04-08 20:04:56.910870,0.6921558016671806,ResNet50
75,Baseline,zoom blur,2024-04-08 20:04:59.244408,0.7024073273329214,ResNet50
76,Baseline,brightness,2024-04-08 20:12:06.627094,0.7915948901594481,ResNet50
77,Baseline,contrast,2024-04-08 20:12:09.208206,0.4938035034532156,ResNet50
78,Baseline,defocus blur,2024-04-08 20:12:11.542048,0.8035311263171504,ResNet50
79,Baseline,elastic,2024-04-08 20:12:13.885206,0.7381212716925984,ResNet50
80,Baseline,fog,2024-04-08 20:12:16.243503,0.6809143575149361,ResNet50
81,Baseline,frost,2024-04-08 20:12:18.596427,0.6268836866588646,ResNet50
82,Baseline,frosted glass blur,2024-04-08 20:12:20.963841,0.6631082384373833,ResNet50
83,Baseline,gaussian blur,2024-04-08 20:12:23.334609,0.7678438437774137,ResNet50
84,Baseline,gaussian noise,2024-04-08 20:12:25.720514,0.5703493469204213,ResNet50
85,Baseline,impulse noise,2024-04-08 20:12:28.074336,0.5268646925886756,ResNet50
86,Baseline,jpeg compression,2024-04-08 20:12:30.408650,0.7850151874170402,ResNet50
87,Baseline,motion blur,2024-04-08 20:12:32.748873,0.6676317864813857,ResNet50
88,Baseline,pixelate,2024-04-08 20:12:35.076834,0.822068629518738,ResNet50
89,Baseline,saturate,2024-04-08 20:12:37.409596,0.812981109172842,ResNet50
90,Baseline,shot noise,2024-04-08 20:12:39.743192,0.6476667211328222,ResNet50
91,Baseline,snow,2024-04-08 20:12:42.077209,0.6612517759439798,ResNet50
92,Baseline,spatter,2024-04-08 20:12:44.423231,0.5992545581463077,ResNet50
93,Baseline,speckle noise,2024-04-08 20:12:46.759729,0.6885865025335421,ResNet50
94,Baseline,zoom blur,2024-04-08 20:12:49.088758,0.7431518413154325,ResNet50
95,Salt&Pepper,brightness,2024-04-08 20:24:37.887997,0.789521034301239,ResNet50
96,Salt&Pepper,contrast,2024-04-08 20:24:41.182258,0.4585983039278589,ResNet50
97,Salt&Pepper,defocus blur,2024-04-08 20:24:43.534249,0.8155864863295677,ResNet50
98,Salt&Pepper,elastic,2024-04-08 20:24:45.880564,0.745742603894649,ResNet50
99,Salt&Pepper,fog,2024-04-08 20:24:48.212094,0.6485496294171501,ResNet50
100,Salt&Pepper,frost,2024-04-08 20:24:50.548030,0.66992578848458,ResNet50
101,Salt&Pepper,frosted glass blur,2024-04-08 20:24:52.879392,0.7872570841535353,ResNet50
102,Salt&Pepper,gaussian blur,2024-04-08 20:24:55.217098,0.7924249852507455,ResNet50
103,Salt&Pepper,gaussian noise,2024-04-08 20:24:57.556725,0.7751400973876271,ResNet50
104,Salt&Pepper,impulse noise,2024-04-08 20:24:59.892306,0.7447114581800458,ResNet50
105,Salt&Pepper,jpeg compression,2024-04-08 20:25:02.233663,0.8137698065588964,ResNet50
106,Salt&Pepper,motion blur,2024-04-08 20:25:04.569010,0.730181302150886,ResNet50
107,Salt&Pepper,pixelate,2024-04-08 20:25:06.909383,0.816809888254352,ResNet50
108,Salt&Pepper,saturate,2024-04-08 20:25:09.255789,0.8040803738695057,ResNet50
109,Salt&Pepper,shot noise,2024-04-08 20:25:11.605018,0.7987731096636633,ResNet50
110,Salt&Pepper,snow,2024-04-08 20:25:13.932725,0.6870611413715421,ResNet50
111,Salt&Pepper,spatter,2024-04-08 20:25:16.276919,0.7002987826866625,ResNet50
112,Salt&Pepper,speckle noise,2024-04-08 20:25:18.622687,0.8082278656579008,ResNet50
113,Salt&Pepper,zoom blur,2024-04-08 20:25:20.962503,0.7630267902209821,ResNet50
114,Salt&Pepper,brightness,2024-04-08 20:33:18.088125,0.7448668589388943,ResNet50
115,Salt&Pepper,contrast,2024-04-08 20:33:21.371783,0.3123331175074547,ResNet50
116,Salt&Pepper,defocus blur,2024-04-08 20:33:23.726991,0.7697809676217429,ResNet50
117,Salt&Pepper,elastic,2024-04-08 20:33:26.063799,0.7144635068913793,ResNet50
118,Salt&Pepper,fog,2024-04-08 20:33:28.384778,0.5364774542364159,ResNet50
119,Salt&Pepper,frost,2024-04-08 20:33:30.721462,0.6625579298922627,ResNet50
120,Salt&Pepper,frosted glass blur,2024-04-08 20:33:33.052014,0.7473680407193595,ResNet50
121,Salt&Pepper,gaussian blur,2024-04-08 20:33:35.382115,0.7456383377774618,ResNet50
122,Salt&Pepper,gaussian noise,2024-04-08 20:33:37.709699,0.7745026981205025,ResNet50
123,Salt&Pepper,impulse noise,2024-04-08 20:33:40.026113,0.7637001091996545,ResNet50
124,Salt&Pepper,jpeg compression,2024-04-08 20:33:42.368612,0.7777864310810727,ResNet50
125,Salt&Pepper,motion blur,2024-04-08 20:33:44.707063,0.6456140285433253,ResNet50
126,Salt&Pepper,pixelate,2024-04-08 20:33:47.034811,0.7863458995530748,ResNet50
127,Salt&Pepper,saturate,2024-04-08 20:33:49.372571,0.7554964108279238,ResNet50
128,Salt&Pepper,shot noise,2024-04-08 20:33:51.710532,0.7771418023623455,ResNet50
129,Salt&Pepper,snow,2024-04-08 20:33:54.046870,0.7007510223803721,ResNet50
130,Salt&Pepper,spatter,2024-04-08 20:33:56.379068,0.6830890649578969,ResNet50
131,Salt&Pepper,speckle noise,2024-04-08 20:33:58.730223,0.7813152965245505,ResNet50
132,Salt&Pepper,zoom blur,2024-04-08 20:34:01.094977,0.7328071024835047,ResNet50
133,Salt&Pepper,brightness,2024-04-08 20:42:38.732234,0.8186387830073526,ResNet50
134,Salt&Pepper,contrast,2024-04-08 20:42:42.010239,0.3730705507073337,ResNet50
135,Salt&Pepper,defocus blur,2024-04-08 20:42:44.373034,0.8444390013048519,ResNet50
136,Salt&Pepper,elastic,2024-04-08 20:42:46.721569,0.764896776586316,ResNet50
137,Salt&Pepper,fog,2024-04-08 20:42:49.049884,0.5726018447930052,ResNet50
138,Salt&Pepper,frost,2024-04-08 20:42:51.391402,0.6852129781799025,ResNet50
139,Salt&Pepper,frosted glass blur,2024-04-08 20:42:53.733448,0.7831915059437894,ResNet50
140,Salt&Pepper,gaussian blur,2024-04-08 20:42:56.086580,0.8256427833600156,ResNet50
141,Salt&Pepper,gaussian noise,2024-04-08 20:42:58.421423,0.7863694112610252,ResNet50
142,Salt&Pepper,impulse noise,2024-04-08 20:43:00.753960,0.7525529852282786,ResNet50
143,Salt&Pepper,jpeg compression,2024-04-08 20:43:03.068938,0.8223845740971141,ResNet50
144,Salt&Pepper,motion blur,2024-04-08 20:43:05.400133,0.7162693268513703,ResNet50
145,Salt&Pepper,pixelate,2024-04-08 20:43:07.744656,0.8471380609302701,ResNet50
146,Salt&Pepper,saturate,2024-04-08 20:43:10.081533,0.8315969330707702,ResNet50
147,Salt&Pepper,shot noise,2024-04-08 20:43:12.414663,0.8123817016679254,ResNet50
148,Salt&Pepper,snow,2024-04-08 20:43:14.753548,0.7150969059442417,ResNet50
149,Salt&Pepper,spatter,2024-04-08 20:43:17.096809,0.6858107657114216,ResNet50
150,Salt&Pepper,speckle noise,2024-04-08 20:43:19.440609,0.824040765110189,ResNet50
151,Salt&Pepper,zoom blur,2024-04-08 20:43:21.787370,0.8209835337036779,ResNet50
152,Salt&Pepper,brightness,2024-04-08 20:51:30.070319,0.817680518783457,ResNet50
153,Salt&Pepper,contrast,2024-04-08 20:51:32.405080,0.4176302509615656,ResNet50
154,Salt&Pepper,defocus blur,2024-04-08 20:51:34.730447,0.861813328702481,ResNet50
155,Salt&Pepper,elastic,2024-04-08 20:51:37.073644,0.7837261909688775,ResNet50
156,Salt&Pepper,fog,2024-04-08 20:51:39.397486,0.6472887821927227,ResNet50
157,Salt&Pepper,frost,2024-04-08 20:51:41.720714,0.6789068827073094,ResNet50
158,Salt&Pepper,frosted glass blur,2024-04-08 20:51:44.058431,0.7861369344777459,ResNet50
159,Salt&Pepper,gaussian blur,2024-04-08 20:51:46.393811,0.8457368375530704,ResNet50
160,Salt&Pepper,gaussian noise,2024-04-08 20:51:48.751262,0.7967618542291646,ResNet50
161,Salt&Pepper,impulse noise,2024-04-08 20:51:51.091940,0.768700987183639,ResNet50
162,Salt&Pepper,jpeg compression,2024-04-08 20:51:53.424680,0.8377435926765717,ResNet50
163,Salt&Pepper,motion blur,2024-04-08 20:51:55.739550,0.7371084318562382,ResNet50
164,Salt&Pepper,pixelate,2024-04-08 20:51:58.079174,0.866042865570094,ResNet50
165,Salt&Pepper,saturate,2024-04-08 20:52:00.412241,0.8505611871534814,ResNet50
166,Salt&Pepper,shot noise,2024-04-08 20:52:02.734309,0.8134280061442828,ResNet50
167,Salt&Pepper,snow,2024-04-08 20:52:05.065626,0.7233457894521695,ResNet50
168,Salt&Pepper,spatter,2024-04-08 20:52:07.390035,0.6934361680592568,ResNet50
169,Salt&Pepper,speckle noise,2024-04-08 20:52:09.722116,0.8210870247927018,ResNet50
170,Salt&Pepper,zoom blur,2024-04-08 20:52:12.339263,0.8309623477262831,ResNet50
171,Salt&Pepper,brightness,2024-04-08 20:59:30.140776,0.8280523679381415,ResNet50
172,Salt&Pepper,contrast,2024-04-08 20:59:32.476945,0.3785905696395966,ResNet50
173,Salt&Pepper,defocus blur,2024-04-08 20:59:34.814168,0.8384940544903594,ResNet50
174,Salt&Pepper,elastic,2024-04-08 20:59:37.159828,0.7715841855939025,ResNet50
175,Salt&Pepper,fog,2024-04-08 20:59:39.488426,0.5821472930049013,ResNet50
176,Salt&Pepper,frost,2024-04-08 20:59:41.830996,0.7169948486069491,ResNet50
177,Salt&Pepper,frosted glass blur,2024-04-08 20:59:44.178655,0.8000648253514953,ResNet50
178,Salt&Pepper,gaussian blur,2024-04-08 20:59:46.540669,0.8137756084294014,ResNet50
179,Salt&Pepper,gaussian noise,2024-04-08 20:59:48.903153,0.8406634781872478,ResNet50
180,Salt&Pepper,impulse noise,2024-04-08 20:59:51.248815,0.8198167049654115,ResNet50
181,Salt&Pepper,jpeg compression,2024-04-08 20:59:53.634378,0.8510623575805385,ResNet50
182,Salt&Pepper,motion blur,2024-04-08 20:59:56.019763,0.7254926445438681,ResNet50
183,Salt&Pepper,pixelate,2024-04-08 20:59:58.353151,0.8609461970673067,ResNet50
184,Salt&Pepper,saturate,2024-04-08 21:00:00.691750,0.8572282643778534,ResNet50
185,Salt&Pepper,shot noise,2024-04-08 21:00:03.012295,0.8525116977570126,ResNet50
186,Salt&Pepper,snow,2024-04-08 21:00:05.358277,0.7473594848154745,ResNet50
187,Salt&Pepper,spatter,2024-04-08 21:00:07.706442,0.7357729733005455,ResNet50
188,Salt&Pepper,speckle noise,2024-04-08 21:00:10.046793,0.8556188772915938,ResNet50
189,Salt&Pepper,zoom blur,2024-04-08 21:00:12.383944,0.8071606387379641,ResNet50
190,DefaultAug,brightness,2024-04-08 21:26:03.622885,0.89069141661861,ResNet50
191,DefaultAug,contrast,2024-04-08 21:26:05.968271,0.5897367836850659,ResNet50
192,DefaultAug,defocus blur,2024-04-08 21:26:08.484676,0.8561005966788174,ResNet50
193,DefaultAug,elastic,2024-04-08 21:26:10.817351,0.8119541258594942,ResNet50
194,DefaultAug,fog,2024-04-08 21:26:13.157928,0.7607901167490059,ResNet50
195,DefaultAug,frost,2024-04-08 21:26:15.483280,0.756559341419232,ResNet50
196,DefaultAug,frosted glass blur,2024-04-08 21:26:17.839380,0.7867182237573049,ResNet50
197,DefaultAug,gaussian blur,2024-04-08 21:26:20.161157,0.8054437916639395,ResNet50
198,DefaultAug,gaussian noise,2024-04-08 21:26:22.477898,0.7582553990639151,ResNet50
199,DefaultAug,impulse noise,2024-04-08 21:26:24.799862,0.7092680968448776,ResNet50
200,DefaultAug,jpeg compression,2024-04-08 21:26:27.135267,0.8741769322419832,ResNet50
201,DefaultAug,motion blur,2024-04-08 21:26:29.457098,0.6685240060315083,ResNet50
202,DefaultAug,pixelate,2024-04-08 21:26:31.786395,0.9041767287273972,ResNet50
203,DefaultAug,saturate,2024-04-08 21:26:34.112671,0.9205102839639684,ResNet50
204,DefaultAug,shot noise,2024-04-08 21:26:36.502585,0.8326047774360467,ResNet50
205,DefaultAug,snow,2024-04-08 21:26:38.843443,0.8117206460334477,ResNet50
206,DefaultAug,spatter,2024-04-08 21:26:41.166575,0.8089495486727429,ResNet50
207,DefaultAug,speckle noise,2024-04-08 21:26:43.486750,0.8657233228809211,ResNet50
208,DefaultAug,zoom blur,2024-04-08 21:26:45.817397,0.7920623590379853,ResNet50
209,DefaultAug,brightness,2024-04-08 21:36:09.950179,0.8972195439301306,ResNet50
210,DefaultAug,contrast,2024-04-08 21:36:12.295635,0.6460609094856757,ResNet50
211,DefaultAug,defocus blur,2024-04-08 21:36:14.719539,0.892368498620478,ResNet50
212,DefaultAug,elastic,2024-04-08 21:36:17.061853,0.8475755598858908,ResNet50
213,DefaultAug,fog,2024-04-08 21:36:19.432479,0.8066671716966018,ResNet50
214,DefaultAug,frost,2024-04-08 21:36:21.755727,0.7694150738998778,ResNet50
215,DefaultAug,frosted glass blur,2024-04-08 21:36:24.091508,0.8155835960097988,ResNet50
216,DefaultAug,gaussian blur,2024-04-08 21:36:26.417011,0.843258653861351,ResNet50
217,DefaultAug,gaussian noise,2024-04-08 21:36:28.747181,0.739945255679062,ResNet50
218,DefaultAug,impulse noise,2024-04-08 21:36:31.093915,0.676276174655535,ResNet50
219,DefaultAug,jpeg compression,2024-04-08 21:36:33.426343,0.8863041692843874,ResNet50
220,DefaultAug,motion blur,2024-04-08 21:36:35.757750,0.7175936997910697,ResNet50
221,DefaultAug,pixelate,2024-04-08 21:36:38.091316,0.9119448357243302,ResNet50
222,DefaultAug,saturate,2024-04-08 21:36:40.428476,0.9213608003745885,ResNet50
223,DefaultAug,shot noise,2024-04-08 21:36:42.760197,0.8145180228524012,ResNet50
224,DefaultAug,snow,2024-04-08 21:36:45.101117,0.8096420133944928,ResNet50
225,DefaultAug,spatter,2024-04-08 21:36:47.485678,0.7945985750126897,ResNet50
226,DefaultAug,speckle noise,2024-04-08 21:36:49.923433,0.8442202827703392,ResNet50
227,DefaultAug,zoom blur,2024-04-08 21:36:52.242115,0.8412679806426773,ResNet50
228,DefaultAug,brightness,2024-04-08 21:48:15.801381,0.9185244142088876,ResNet50
229,DefaultAug,contrast,2024-04-08 21:48:18.148202,0.6130175558386786,ResNet50
230,DefaultAug,defocus blur,2024-04-08 21:48:20.479112,0.8817320606206691,ResNet50
231,DefaultAug,elastic,2024-04-08 21:48:22.822268,0.8443858373717665,ResNet50
232,DefaultAug,fog,2024-04-08 21:48:25.159998,0.7936309741029608,ResNet50
233,DefaultAug,frost,2024-04-08 21:48:27.470221,0.7620309209303677,ResNet50
234,DefaultAug,frosted glass blur,2024-04-08 21:48:29.801313,0.8019059186131624,ResNet50
235,DefaultAug,gaussian blur,2024-04-08 21:48:32.121333,0.8204513558137692,ResNet50
236,DefaultAug,gaussian noise,2024-04-08 21:48:34.467967,0.7654003584237065,ResNet50
237,DefaultAug,impulse noise,2024-04-08 21:48:36.801376,0.733661033714876,ResNet50
238,DefaultAug,jpeg compression,2024-04-08 21:48:39.137459,0.8897201515431462,ResNet50
239,DefaultAug,motion blur,2024-04-08 21:48:41.467654,0.7113405105731102,ResNet50
240,DefaultAug,pixelate,2024-04-08 21:48:43.799328,0.9281838715522766,ResNet50
241,DefaultAug,saturate,2024-04-08 21:48:46.140125,0.94691168089925,ResNet50
242,DefaultAug,shot noise,2024-04-08 21:48:48.497713,0.8338384082964684,ResNet50
243,DefaultAug,snow,2024-04-08 21:48:50.892577,0.8396387364044544,ResNet50
244,DefaultAug,spatter,2024-04-08 21:48:53.279470,0.8315786691406138,ResNet50
245,DefaultAug,speckle noise,2024-04-08 21:48:55.623658,0.8667078173960736,ResNet50
246,DefaultAug,zoom blur,2024-04-08 21:48:57.955270,0.8216823237359867,ResNet50
247,DefaultAug,brightness,2024-04-08 21:57:41.843584,0.9159247120836528,ResNet50
248,DefaultAug,contrast,2024-04-08 21:57:44.181227,0.6589360566343052,ResNet50
249,DefaultAug,defocus blur,2024-04-08 21:57:46.513031,0.8960866094790354,ResNet50
250,DefaultAug,elastic,2024-04-08 21:57:48.834856,0.844741646679519,ResNet50
251,DefaultAug,fog,2024-04-08 21:57:51.173069,0.7937757286917523,ResNet50
252,DefaultAug,frost,2024-04-08 21:57:53.510498,0.7724686159572701,ResNet50
253,DefaultAug,frosted glass blur,2024-04-08 21:57:55.868989,0.8039796690195378,ResNet50
254,DefaultAug,gaussian blur,2024-04-08 21:57:58.195868,0.835942008155544,ResNet50
255,DefaultAug,gaussian noise,2024-04-08 21:58:00.539248,0.7759565023585663,ResNet50
256,DefaultAug,impulse noise,2024-04-08 21:58:02.876761,0.7443221095655626,ResNet50
257,DefaultAug,jpeg compression,2024-04-08 21:58:05.212542,0.8987474405212689,ResNet50
258,DefaultAug,motion blur,2024-04-08 21:58:07.535891,0.733653968569485,ResNet50
259,DefaultAug,pixelate,2024-04-08 21:58:09.864615,0.943644901766466,ResNet50
260,DefaultAug,saturate,2024-04-08 21:58:12.186185,0.9515591958524464,ResNet50
261,DefaultAug,shot noise,2024-04-08 21:58:14.524172,0.8397636579474836,ResNet50
262,DefaultAug,snow,2024-04-08 21:58:16.852228,0.8232785128161257,ResNet50
263,DefaultAug,spatter,2024-04-08 21:58:19.194511,0.8202393858270849,ResNet50
264,DefaultAug,speckle noise,2024-04-08 21:58:21.584488,0.8743411343238012,ResNet50
265,DefaultAug,zoom blur,2024-04-08 21:58:23.915182,0.8442877356398721,ResNet50
266,DefaultAug,brightness,2024-04-08 22:05:47.732868,0.9256268277888696,ResNet50
267,DefaultAug,contrast,2024-04-08 22:05:50.068588,0.8030607633677821,ResNet50
268,DefaultAug,defocus blur,2024-04-08 22:05:52.399831,0.9455840208753808,ResNet50
269,DefaultAug,elastic,2024-04-08 22:05:54.783335,0.8989266014809025,ResNet50
270,DefaultAug,fog,2024-04-08 22:05:57.125046,0.888192068339815,ResNet50
271,DefaultAug,frost,2024-04-08 22:05:59.448028,0.7836881685953911,ResNet50
272,DefaultAug,frosted glass blur,2024-04-08 22:06:01.795201,0.8125347974601125,ResNet50
273,DefaultAug,gaussian blur,2024-04-08 22:06:04.141687,0.919291746699869,ResNet50
274,DefaultAug,gaussian noise,2024-04-08 22:06:06.487967,0.6730514344915942,ResNet50
275,DefaultAug,impulse noise,2024-04-08 22:06:08.820897,0.628956888610078,ResNet50
276,DefaultAug,jpeg compression,2024-04-08 22:06:11.180535,0.9012021437918708,ResNet50
277,DefaultAug,motion blur,2024-04-08 22:06:13.513137,0.8113863134525564,ResNet50
278,DefaultAug,pixelate,2024-04-08 22:06:15.834921,0.9351167512195204,ResNet50
279,DefaultAug,saturate,2024-04-08 22:06:18.172829,0.9261607939183863,ResNet50
280,DefaultAug,shot noise,2024-04-08 22:06:20.507604,0.7466837048639936,ResNet50
281,DefaultAug,snow,2024-04-08 22:06:22.842423,0.8009854291271779,ResNet50
282,DefaultAug,spatter,2024-04-08 22:06:25.196790,0.793536680418684,ResNet50
283,DefaultAug,speckle noise,2024-04-08 22:06:27.519513,0.7845616500543576,ResNet50
284,DefaultAug,zoom blur,2024-04-08 22:06:29.835323,0.8976121072773406,ResNet50
285,DefaultAug+S&P,brightness,2024-04-08 22:28:09.710023,0.850511634640237,ResNet50
286,DefaultAug+S&P,contrast,2024-04-08 22:28:12.041106,0.5290110806503742,ResNet50
287,DefaultAug+S&P,defocus blur,2024-04-08 22:28:14.358972,0.8648144569305577,ResNet50
288,DefaultAug+S&P,elastic,2024-04-08 22:28:16.677252,0.8252132846359256,ResNet50
289,DefaultAug+S&P,fog,2024-04-08 22:28:18.992659,0.7098075347643412,ResNet50
290,DefaultAug+S&P,frost,2024-04-08 22:28:21.310847,0.7693307489158421,ResNet50
291,DefaultAug+S&P,frosted glass blur,2024-04-08 22:28:23.629216,0.8376890311913057,ResNet50
292,DefaultAug+S&P,gaussian blur,2024-04-08 22:28:25.953986,0.846573124748965,ResNet50
293,DefaultAug+S&P,gaussian noise,2024-04-08 22:28:28.277834,0.8639557892162406,ResNet50
294,DefaultAug+S&P,impulse noise,2024-04-08 22:28:30.879300,0.8573679127431986,ResNet50
295,DefaultAug+S&P,jpeg compression,2024-04-08 22:28:33.198196,0.8620790626467759,ResNet50
296,DefaultAug+S&P,motion blur,2024-04-08 22:28:35.595641,0.7762353177272264,ResNet50
297,DefaultAug+S&P,pixelate,2024-04-08 22:28:37.930198,0.8762310537122376,ResNet50
298,DefaultAug+S&P,saturate,2024-04-08 22:28:40.248406,0.863684498659499,ResNet50
299,DefaultAug+S&P,shot noise,2024-04-08 22:28:42.561203,0.8721236277618749,ResNet50
300,DefaultAug+S&P,snow,2024-04-08 22:28:44.888300,0.7685263466463965,ResNet50
301,DefaultAug+S&P,spatter,2024-04-08 22:28:47.221305,0.7587907171039538,ResNet50
302,DefaultAug+S&P,speckle noise,2024-04-08 22:28:49.567062,0.8762141866537269,ResNet50
303,DefaultAug+S&P,zoom blur,2024-04-08 22:28:51.960798,0.8388324716316374,ResNet50
304,DefaultAug+S&P,brightness,2024-04-08 22:37:23.923967,0.8420024584349882,ResNet50
305,DefaultAug+S&P,contrast,2024-04-08 22:37:26.383501,0.4022050338356738,ResNet50
306,DefaultAug+S&P,defocus blur,2024-04-08 22:37:28.844368,0.8429843609368003,ResNet50
307,DefaultAug+S&P,elastic,2024-04-08 22:37:31.298901,0.8083739843702004,ResNet50
308,DefaultAug+S&P,fog,2024-04-08 22:37:33.755957,0.6247106149529391,ResNet50
309,DefaultAug+S&P,frost,2024-04-08 22:37:36.243878,0.7241929009782636,ResNet50
310,DefaultAug+S&P,frosted glass blur,2024-04-08 22:37:38.695921,0.8296328748758196,ResNet50
311,DefaultAug+S&P,gaussian blur,2024-04-08 22:37:41.148076,0.8137847460100718,ResNet50
312,DefaultAug+S&P,gaussian noise,2024-04-08 22:37:43.609321,0.8694061630142397,ResNet50
313,DefaultAug+S&P,impulse noise,2024-04-08 22:37:46.081936,0.8640095734801992,ResNet50
314,DefaultAug+S&P,jpeg compression,2024-04-08 22:37:48.528933,0.8627806711910855,ResNet50
315,DefaultAug+S&P,motion blur,2024-04-08 22:37:50.977576,0.7441549631754164,ResNet50
316,DefaultAug+S&P,pixelate,2024-04-08 22:37:53.442952,0.8686885614535255,ResNet50
317,DefaultAug+S&P,saturate,2024-04-08 22:37:55.903370,0.8570830466406807,ResNet50
318,DefaultAug+S&P,shot noise,2024-04-08 22:37:58.426928,0.8719404679784708,ResNet50
319,DefaultAug+S&P,snow,2024-04-08 22:38:00.881837,0.7970818201006582,ResNet50
320,DefaultAug+S&P,spatter,2024-04-08 22:38:03.344365,0.7961766118066076,ResNet50
321,DefaultAug+S&P,speckle noise,2024-04-08 22:38:05.803384,0.878051653750877,ResNet50
322,DefaultAug+S&P,zoom blur,2024-04-08 22:38:08.262348,0.8148390747834382,ResNet50
323,DefaultAug+S&P,brightness,2024-04-08 22:51:42.234854,0.920667890233636,ResNet50
324,DefaultAug+S&P,contrast,2024-04-08 22:51:44.688852,0.5252680594803468,ResNet50
325,DefaultAug+S&P,defocus blur,2024-04-08 22:51:47.143630,0.9350713410473552,ResNet50
326,DefaultAug+S&P,elastic,2024-04-08 22:51:49.593635,0.8946037971592485,ResNet50
327,DefaultAug+S&P,fog,2024-04-08 22:51:52.054389,0.7561204147089678,ResNet50
328,DefaultAug+S&P,frost,2024-04-08 22:51:54.520244,0.8233185794737287,ResNet50
329,DefaultAug+S&P,frosted glass blur,2024-04-08 22:51:56.984736,0.9057402448118866,ResNet50
330,DefaultAug+S&P,gaussian blur,2024-04-08 22:51:59.443989,0.91412527643705,ResNet50
331,DefaultAug+S&P,gaussian noise,2024-04-08 22:52:01.896332,0.932884142062488,ResNet50
332,DefaultAug+S&P,impulse noise,2024-04-08 22:52:04.366618,0.9240128355095892,ResNet50
333,DefaultAug+S&P,jpeg compression,2024-04-08 22:52:06.809181,0.9340951589503744,ResNet50
334,DefaultAug+S&P,motion blur,2024-04-08 22:52:09.250335,0.8385687617526176,ResNet50
335,DefaultAug+S&P,pixelate,2024-04-08 22:52:11.702969,0.9452494397618432,ResNet50
336,DefaultAug+S&P,saturate,2024-04-08 22:52:14.147515,0.9317260136587878,ResNet50
337,DefaultAug+S&P,shot noise,2024-04-08 22:52:16.617838,0.943426310832042,ResNet50
338,DefaultAug+S&P,snow,2024-04-08 22:52:19.084648,0.858975878248646,ResNet50
339,DefaultAug+S&P,spatter,2024-04-08 22:52:21.540775,0.8502248497316571,ResNet50
340,DefaultAug+S&P,speckle noise,2024-04-08 22:52:23.993839,0.9462909899962116,ResNet50
341,DefaultAug+S&P,zoom blur,2024-04-08 22:52:26.424052,0.9038410875362752,ResNet50
342,DefaultAug+S&P,brightness,2024-04-08 23:01:01.537185,0.9140771840590808,ResNet50
343,DefaultAug+S&P,contrast,2024-04-08 23:01:03.972010,0.4797174887625874,ResNet50
344,DefaultAug+S&P,defocus blur,2024-04-08 23:01:06.423783,0.9086602451345128,ResNet50
345,DefaultAug+S&P,elastic,2024-04-08 23:01:08.872936,0.8624578048608613,ResNet50
346,DefaultAug+S&P,fog,2024-04-08 23:01:11.315892,0.6905108348578548,ResNet50
347,DefaultAug+S&P,frost,2024-04-08 23:01:13.761644,0.8180013731658015,ResNet50
348,DefaultAug+S&P,frosted glass blur,2024-04-08 23:01:16.214495,0.8896273668508735,ResNet50
349,DefaultAug+S&P,gaussian blur,2024-04-08 23:01:18.659423,0.8762512311163295,ResNet50
350,DefaultAug+S&P,gaussian noise,2024-04-08 23:01:21.114341,0.9311759434031104,ResNet50
351,DefaultAug+S&P,impulse noise,2024-04-08 23:01:23.564057,0.925955476128986,ResNet50
352,DefaultAug+S&P,jpeg compression,2024-04-08 23:01:26.054550,0.9292109815662492,ResNet50
353,DefaultAug+S&P,motion blur,2024-04-08 23:01:28.498515,0.7816557052743003,ResNet50
354,DefaultAug+S&P,pixelate,2024-04-08 23:01:30.938759,0.9352438726223384,ResNet50
355,DefaultAug+S&P,saturate,2024-04-08 23:01:33.383194,0.9267787838178736,ResNet50
356,DefaultAug+S&P,shot noise,2024-04-08 23:01:35.827618,0.9359873701442138,ResNet50
357,DefaultAug+S&P,snow,2024-04-08 23:01:38.262097,0.8666036108283652,ResNet50
358,DefaultAug+S&P,spatter,2024-04-08 23:01:40.713599,0.863093291620301,ResNet50
359,DefaultAug+S&P,speckle noise,2024-04-08 23:01:43.147607,0.9368610092453856,ResNet50
360,DefaultAug+S&P,zoom blur,2024-04-08 23:01:45.601348,0.8685065278224247,ResNet50
361,DefaultAug+S&P,brightness,2024-04-08 23:09:38.241932,0.9113228344381236,ResNet50
362,DefaultAug+S&P,contrast,2024-04-08 23:09:40.717847,0.5613541241842462,ResNet50
363,DefaultAug+S&P,defocus blur,2024-04-08 23:09:43.204318,0.9290027600381852,ResNet50
364,DefaultAug+S&P,elastic,2024-04-08 23:09:45.663060,0.8832997595860819,ResNet50
365,DefaultAug+S&P,fog,2024-04-08 23:09:48.131095,0.7620998763744766,ResNet50
366,DefaultAug+S&P,frost,2024-04-08 23:09:50.631362,0.797196967207772,ResNet50
367,DefaultAug+S&P,frosted glass blur,2024-04-08 23:09:53.098487,0.8975425507247555,ResNet50
368,DefaultAug+S&P,gaussian blur,2024-04-08 23:09:55.582960,0.909075759672216,ResNet50
369,DefaultAug+S&P,gaussian noise,2024-04-08 23:09:58.066713,0.92618012906256,ResNet50
370,DefaultAug+S&P,impulse noise,2024-04-08 23:10:00.548568,0.9186163351775272,ResNet50
371,DefaultAug+S&P,jpeg compression,2024-04-08 23:10:03.006359,0.9226828313111726,ResNet50
372,DefaultAug+S&P,motion blur,2024-04-08 23:10:05.476385,0.809642842922696,ResNet50
373,DefaultAug+S&P,pixelate,2024-04-08 23:10:07.937591,0.9382153733663589,ResNet50
374,DefaultAug+S&P,saturate,2024-04-08 23:10:10.391716,0.9137304674631542,ResNet50
375,DefaultAug+S&P,shot noise,2024-04-08 23:10:12.864866,0.9283965808038188,ResNet50
376,DefaultAug+S&P,snow,2024-04-08 23:10:15.332457,0.8467818928111435,ResNet50
377,DefaultAug+S&P,spatter,2024-04-08 23:10:17.788667,0.8325494320036952,ResNet50
378,DefaultAug+S&P,speckle noise,2024-04-08 23:10:20.255130,0.9338342445931428,ResNet50
379,DefaultAug+S&P,zoom blur,2024-04-08 23:10:22.764474,0.8980837356429758,ResNet50
380,Baseline,brightness,2024-04-09 00:42:46.075422,0.8670027056296277,Xception
381,Baseline,contrast,2024-04-09 00:42:48.906657,0.6369283531226527,Xception
382,Baseline,defocus blur,2024-04-09 00:42:51.608095,0.7641383704873501,Xception
383,Baseline,elastic,2024-04-09 00:42:54.300781,0.7126490419655213,Xception
384,Baseline,fog,2024-04-09 00:42:57.006453,0.7782321351268349,Xception
385,Baseline,frost,2024-04-09 00:42:59.757265,0.6556438571994926,Xception
386,Baseline,frosted glass blur,2024-04-09 00:43:02.484411,0.6844401437590386,Xception
387,Baseline,gaussian blur,2024-04-09 00:43:05.174500,0.6690538006914367,Xception
388,Baseline,gaussian noise,2024-04-09 00:43:07.862551,0.6059866841347697,Xception
389,Baseline,impulse noise,2024-04-09 00:43:10.584124,0.6348091407341798,Xception
390,Baseline,jpeg compression,2024-04-09 00:43:13.279366,0.8206910932864948,Xception
391,Baseline,motion blur,2024-04-09 00:43:16.003681,0.6053374354785519,Xception
392,Baseline,pixelate,2024-04-09 00:43:18.735907,0.8273876044876098,Xception
393,Baseline,saturate,2024-04-09 00:43:21.451959,0.8948182823042504,Xception
394,Baseline,shot noise,2024-04-09 00:43:24.149767,0.6749812089207603,Xception
395,Baseline,snow,2024-04-09 00:43:26.844291,0.7476604236813502,Xception
396,Baseline,spatter,2024-04-09 00:43:29.544396,0.7337987522348675,Xception
397,Baseline,speckle noise,2024-04-09 00:43:32.258744,0.7104306801019077,Xception
398,Baseline,zoom blur,2024-04-09 00:43:34.969543,0.6423067754932962,Xception
399,Baseline,brightness,2024-04-09 00:56:36.739198,0.93799158556323,Xception
400,Baseline,contrast,2024-04-09 00:56:40.396450,0.7409714210609253,Xception
401,Baseline,defocus blur,2024-04-09 00:56:43.137633,0.8776731907103009,Xception
402,Baseline,elastic,2024-04-09 00:56:45.858103,0.8077191244150598,Xception
403,Baseline,fog,2024-04-09 00:56:48.588501,0.8890168271861534,Xception
404,Baseline,frost,2024-04-09 00:56:51.313228,0.7621397166528932,Xception
405,Baseline,frosted glass blur,2024-04-09 00:56:54.037106,0.6527370850396703,Xception
406,Baseline,gaussian blur,2024-04-09 00:56:56.758564,0.7785029795396421,Xception
407,Baseline,gaussian noise,2024-04-09 00:56:59.470192,0.6023926801490069,Xception
408,Baseline,impulse noise,2024-04-09 00:57:02.193439,0.6459271693011654,Xception
409,Baseline,jpeg compression,2024-04-09 00:57:04.897807,0.8610205031638527,Xception
410,Baseline,motion blur,2024-04-09 00:57:07.660001,0.6996250843632719,Xception
411,Baseline,pixelate,2024-04-09 00:57:10.351368,0.8269193697452403,Xception
412,Baseline,saturate,2024-04-09 00:57:13.078857,0.9403874045963876,Xception
413,Baseline,shot noise,2024-04-09 00:57:15.803413,0.6776722920117004,Xception
414,Baseline,snow,2024-04-09 00:57:18.514399,0.7774703653481484,Xception
415,Baseline,spatter,2024-04-09 00:57:21.196751,0.7684122072258822,Xception
416,Baseline,speckle noise,2024-04-09 00:57:23.924741,0.7272519067309691,Xception
417,Baseline,zoom blur,2024-04-09 00:57:26.612038,0.7769119857864001,Xception
418,Baseline,brightness,2024-04-09 01:08:45.250112,0.9546239155800256,Xception
419,Baseline,contrast,2024-04-09 01:08:47.963810,0.7386385993965252,Xception
420,Baseline,defocus blur,2024-04-09 01:08:50.655098,0.8353411456492555,Xception
421,Baseline,elastic,2024-04-09 01:08:53.375168,0.7727276307311659,Xception
422,Baseline,fog,2024-04-09 01:08:56.075713,0.879488617104353,Xception
423,Baseline,frost,2024-04-09 01:08:58.813927,0.747376671922497,Xception
424,Baseline,frosted glass blur,2024-04-09 01:09:01.524024,0.6731244824223455,Xception
425,Baseline,gaussian blur,2024-04-09 01:09:04.252040,0.7074674979481425,Xception
426,Baseline,gaussian noise,2024-04-09 01:09:06.968679,0.6516615112517933,Xception
427,Baseline,impulse noise,2024-04-09 01:09:09.688998,0.7070716789872139,Xception
428,Baseline,jpeg compression,2024-04-09 01:09:12.411532,0.870082712796237,Xception
429,Baseline,motion blur,2024-04-09 01:09:15.124183,0.6260822005429736,Xception
430,Baseline,pixelate,2024-04-09 01:09:17.822683,0.8629494245777931,Xception
431,Baseline,saturate,2024-04-09 01:09:20.521284,0.9608303883763286,Xception
432,Baseline,shot noise,2024-04-09 01:09:23.218852,0.7305905980836218,Xception
433,Baseline,snow,2024-04-09 01:09:25.959258,0.8184498260411482,Xception
434,Baseline,spatter,2024-04-09 01:09:28.668228,0.8043913930300087,Xception
435,Baseline,speckle noise,2024-04-09 01:09:31.375445,0.7786524499990625,Xception
436,Baseline,zoom blur,2024-04-09 01:09:34.060379,0.715015178374739,Xception
437,Baseline,brightness,2024-04-09 01:22:36.605102,0.9711151423586946,Xception
438,Baseline,contrast,2024-04-09 01:22:40.264463,0.7870161394362547,Xception
439,Baseline,defocus blur,2024-04-09 01:22:42.939030,0.874569096286072,Xception
440,Baseline,elastic,2024-04-09 01:22:45.652878,0.8132312352359101,Xception
441,Baseline,fog,2024-04-09 01:22:48.366063,0.9052957498160362,Xception
442,Baseline,frost,2024-04-09 01:22:51.080853,0.7812466836655549,Xception
443,Baseline,frosted glass blur,2024-04-09 01:22:53.798783,0.6671023790596634,Xception
444,Baseline,gaussian blur,2024-04-09 01:22:56.504973,0.7617754255668149,Xception
445,Baseline,gaussian noise,2024-04-09 01:22:59.216567,0.6441058720652373,Xception
446,Baseline,impulse noise,2024-04-09 01:23:01.914021,0.6896257532660739,Xception
447,Baseline,jpeg compression,2024-04-09 01:23:04.617782,0.8876212619531263,Xception
448,Baseline,motion blur,2024-04-09 01:23:07.328749,0.7169344067434451,Xception
449,Baseline,pixelate,2024-04-09 01:23:10.037731,0.8807939051739326,Xception
450,Baseline,saturate,2024-04-09 01:23:12.742488,0.978803008077776,Xception
451,Baseline,shot noise,2024-04-09 01:23:15.451151,0.7370068299609104,Xception
452,Baseline,snow,2024-04-09 01:23:18.166568,0.8200285259447581,Xception
453,Baseline,spatter,2024-04-09 01:23:20.884234,0.8230381215745337,Xception
454,Baseline,speckle noise,2024-04-09 01:23:23.595998,0.7937690269012714,Xception
455,Baseline,zoom blur,2024-04-09 01:23:26.312594,0.7369726718783023,Xception
456,Baseline,brightness,2024-04-09 01:33:49.523851,0.9560974727503092,Xception
457,Baseline,contrast,2024-04-09 01:33:53.156260,0.7707016036322991,Xception
458,Baseline,defocus blur,2024-04-09 01:33:55.849972,0.8754780770248564,Xception
459,Baseline,elastic,2024-04-09 01:33:58.549545,0.8016736874788414,Xception
460,Baseline,fog,2024-04-09 01:34:01.239534,0.8817790304125858,Xception
461,Baseline,frost,2024-04-09 01:34:03.945691,0.7362217572020937,Xception
462,Baseline,frosted glass blur,2024-04-09 01:34:06.642995,0.6492283240912897,Xception
463,Baseline,gaussian blur,2024-04-09 01:34:09.334494,0.7523953722651942,Xception
464,Baseline,gaussian noise,2024-04-09 01:34:12.026033,0.6174262807377595,Xception
465,Baseline,impulse noise,2024-04-09 01:34:14.724463,0.699976253309548,Xception
466,Baseline,jpeg compression,2024-04-09 01:34:17.411956,0.890965001928682,Xception
467,Baseline,motion blur,2024-04-09 01:34:20.096053,0.6770696185947641,Xception
468,Baseline,pixelate,2024-04-09 01:34:22.800914,0.8926330053404874,Xception
469,Baseline,saturate,2024-04-09 01:34:25.491952,0.9738385316619886,Xception
470,Baseline,shot noise,2024-04-09 01:34:28.181411,0.6957074160791967,Xception
471,Baseline,snow,2024-04-09 01:34:30.879457,0.8075866318743039,Xception
472,Baseline,spatter,2024-04-09 01:34:33.573011,0.8252959302260807,Xception
473,Baseline,speckle noise,2024-04-09 01:34:36.254379,0.751376248717872,Xception
474,Baseline,zoom blur,2024-04-09 01:34:38.923411,0.7385931204782341,Xception
475,Salt&Pepper,brightness,2024-04-09 01:46:22.097110,0.7036565324452103,Xception
476,Salt&Pepper,contrast,2024-04-09 01:46:25.747215,0.3533788986166758,Xception
477,Salt&Pepper,defocus blur,2024-04-09 01:46:28.455107,0.726857327650175,Xception
478,Salt&Pepper,elastic,2024-04-09 01:46:31.160670,0.6745385860960463,Xception
479,Salt&Pepper,fog,2024-04-09 01:46:33.857438,0.5634888654227965,Xception
480,Salt&Pepper,frost,2024-04-09 01:46:36.670863,0.6054753783656903,Xception
481,Salt&Pepper,frosted glass blur,2024-04-09 01:46:39.364121,0.7035337443062769,Xception
482,Salt&Pepper,gaussian blur,2024-04-09 01:46:42.062838,0.7027560545919684,Xception
483,Salt&Pepper,gaussian noise,2024-04-09 01:46:44.775120,0.7368051947062833,Xception
484,Salt&Pepper,impulse noise,2024-04-09 01:46:47.479774,0.7316329129518037,Xception
485,Salt&Pepper,jpeg compression,2024-04-09 01:46:50.181883,0.7364434356791177,Xception
486,Salt&Pepper,motion blur,2024-04-09 01:46:52.897341,0.5971289759628372,Xception
487,Salt&Pepper,pixelate,2024-04-09 01:46:55.593469,0.7388097848530482,Xception
488,Salt&Pepper,saturate,2024-04-09 01:46:58.299005,0.7296587461163393,Xception
489,Salt&Pepper,shot noise,2024-04-09 01:47:00.996746,0.7395694847778493,Xception
490,Salt&Pepper,snow,2024-04-09 01:47:03.695886,0.6925024296394072,Xception
491,Salt&Pepper,spatter,2024-04-09 01:47:06.390838,0.6846584376619621,Xception
492,Salt&Pepper,speckle noise,2024-04-09 01:47:09.084722,0.7412246150086566,Xception
493,Salt&Pepper,zoom blur,2024-04-09 01:47:11.774451,0.697810703890791,Xception
494,Salt&Pepper,brightness,2024-04-09 01:56:52.700855,0.7660891215772277,Xception
495,Salt&Pepper,contrast,2024-04-09 01:56:56.328478,0.4798488349841691,Xception
496,Salt&Pepper,defocus blur,2024-04-09 01:56:59.025251,0.8006314793746266,Xception
497,Salt&Pepper,elastic,2024-04-09 01:57:01.725331,0.7472046740282711,Xception
498,Salt&Pepper,fog,2024-04-09 01:57:04.439906,0.6811885965403334,Xception
499,Salt&Pepper,frost,2024-04-09 01:57:07.202662,0.6832989276241135,Xception
500,Salt&Pepper,frosted glass blur,2024-04-09 01:57:09.918363,0.7605157966758773,Xception
501,Salt&Pepper,gaussian blur,2024-04-09 01:57:12.624018,0.7862630715596437,Xception
502,Salt&Pepper,gaussian noise,2024-04-09 01:57:15.344401,0.7647159725441979,Xception
503,Salt&Pepper,impulse noise,2024-04-09 01:57:18.069049,0.7645806418846363,Xception
504,Salt&Pepper,jpeg compression,2024-04-09 01:57:20.788138,0.778682326600191,Xception
505,Salt&Pepper,motion blur,2024-04-09 01:57:23.490149,0.6807011108149548,Xception
506,Salt&Pepper,pixelate,2024-04-09 01:57:26.172699,0.8018810094336789,Xception
507,Salt&Pepper,saturate,2024-04-09 01:57:28.886523,0.7538758963360953,Xception
508,Salt&Pepper,shot noise,2024-04-09 01:57:31.593242,0.7812889661835893,Xception
509,Salt&Pepper,snow,2024-04-09 01:57:34.339093,0.7265959116088156,Xception
510,Salt&Pepper,spatter,2024-04-09 01:57:37.043806,0.6968357837558982,Xception
511,Salt&Pepper,speckle noise,2024-04-09 01:57:39.751334,0.7876737727525942,Xception
512,Salt&Pepper,zoom blur,2024-04-09 01:57:42.440626,0.7678528930520929,Xception
513,Salt&Pepper,brightness,2024-04-09 02:12:22.588122,0.9284211245023756,Xception
514,Salt&Pepper,contrast,2024-04-09 02:12:26.078612,0.6450566507340417,Xception
515,Salt&Pepper,defocus blur,2024-04-09 02:12:28.627342,0.9077576796369048,Xception
516,Salt&Pepper,elastic,2024-04-09 02:12:31.166576,0.8364254130673643,Xception
517,Salt&Pepper,fog,2024-04-09 02:12:33.706294,0.7843203603035193,Xception
518,Salt&Pepper,frost,2024-04-09 02:12:36.270855,0.8325287087130991,Xception
519,Salt&Pepper,frosted glass blur,2024-04-09 02:12:38.819425,0.8731813103174405,Xception
520,Salt&Pepper,gaussian blur,2024-04-09 02:12:41.377797,0.8729434232149993,Xception
521,Salt&Pepper,gaussian noise,2024-04-09 02:12:43.926301,0.9144014003038268,Xception
522,Salt&Pepper,impulse noise,2024-04-09 02:12:46.470391,0.9170299351849364,Xception
523,Salt&Pepper,jpeg compression,2024-04-09 02:12:49.029144,0.9276135279892982,Xception
524,Salt&Pepper,motion blur,2024-04-09 02:12:51.572544,0.7463229453154023,Xception
525,Salt&Pepper,pixelate,2024-04-09 02:12:54.109657,0.9293035697245964,Xception
526,Salt&Pepper,saturate,2024-04-09 02:12:56.658198,0.9304776962521272,Xception
527,Salt&Pepper,shot noise,2024-04-09 02:12:59.207194,0.9279468369106126,Xception
528,Salt&Pepper,snow,2024-04-09 02:13:01.760685,0.8588225829765632,Xception
529,Salt&Pepper,spatter,2024-04-09 02:13:04.319970,0.8495011687171606,Xception
530,Salt&Pepper,speckle noise,2024-04-09 02:13:06.866627,0.9328107917318644,Xception
531,Salt&Pepper,zoom blur,2024-04-09 02:13:09.411433,0.8391198698734941,Xception
532,Salt&Pepper,brightness,2024-04-09 02:23:04.733657,0.9312324520985996,Xception
533,Salt&Pepper,contrast,2024-04-09 02:23:08.196188,0.6877792430618508,Xception
534,Salt&Pepper,defocus blur,2024-04-09 02:23:10.747372,0.9350751212283248,Xception
535,Salt&Pepper,elastic,2024-04-09 02:23:13.311032,0.8628761739125546,Xception
536,Salt&Pepper,fog,2024-04-09 02:23:15.854181,0.8227175936592355,Xception
537,Salt&Pepper,frost,2024-04-09 02:23:18.407616,0.8276459637040873,Xception
538,Salt&Pepper,frosted glass blur,2024-04-09 02:23:20.971229,0.8995316420744814,Xception
539,Salt&Pepper,gaussian blur,2024-04-09 02:23:23.524566,0.9106711999311708,Xception
540,Salt&Pepper,gaussian noise,2024-04-09 02:23:26.067237,0.9221681877954302,Xception
541,Salt&Pepper,impulse noise,2024-04-09 02:23:28.607113,0.9248355839673976,Xception
542,Salt&Pepper,jpeg compression,2024-04-09 02:23:31.151927,0.9419382524714488,Xception
543,Salt&Pepper,motion blur,2024-04-09 02:23:33.698129,0.8026655968291146,Xception
544,Salt&Pepper,pixelate,2024-04-09 02:23:36.255483,0.9496359144048312,Xception
545,Salt&Pepper,saturate,2024-04-09 02:23:38.828725,0.9378179996364356,Xception
546,Salt&Pepper,shot noise,2024-04-09 02:23:41.406019,0.9369185923334572,Xception
547,Salt&Pepper,snow,2024-04-09 02:23:43.969734,0.8566015536733655,Xception
548,Salt&Pepper,spatter,2024-04-09 02:23:46.526039,0.8523968453305238,Xception
549,Salt&Pepper,speckle noise,2024-04-09 02:23:49.086644,0.9414822457830868,Xception
550,Salt&Pepper,zoom blur,2024-04-09 02:23:51.623201,0.8754479048097037,Xception
551,Salt&Pepper,brightness,2024-04-09 02:33:44.654749,0.940299670772686,Xception
552,Salt&Pepper,contrast,2024-04-09 02:33:48.132446,0.599132763242925,Xception
553,Salt&Pepper,defocus blur,2024-04-09 02:33:50.690040,0.933420543735954,Xception
554,Salt&Pepper,elastic,2024-04-09 02:33:53.214942,0.8608192405112722,Xception
555,Salt&Pepper,fog,2024-04-09 02:33:55.743913,0.7848801914335802,Xception
556,Salt&Pepper,frost,2024-04-09 02:33:58.288824,0.8370248812810328,Xception
557,Salt&Pepper,frosted glass blur,2024-04-09 02:34:00.829681,0.9004996862918458,Xception
558,Salt&Pepper,gaussian blur,2024-04-09 02:34:03.364576,0.8929720784687415,Xception
559,Salt&Pepper,gaussian noise,2024-04-09 02:34:05.909432,0.9418520060059768,Xception
560,Salt&Pepper,impulse noise,2024-04-09 02:34:08.444448,0.940600222318625,Xception
561,Salt&Pepper,jpeg compression,2024-04-09 02:34:10.982870,0.9536507515694124,Xception
562,Salt&Pepper,motion blur,2024-04-09 02:34:13.525028,0.7778961610140932,Xception
563,Salt&Pepper,pixelate,2024-04-09 02:34:16.062602,0.9569819847986526,Xception
564,Salt&Pepper,saturate,2024-04-09 02:34:18.592038,0.940574184395323,Xception
565,Salt&Pepper,shot noise,2024-04-09 02:34:21.130956,0.9554185975780352,Xception
566,Salt&Pepper,snow,2024-04-09 02:34:23.660184,0.8703962300004419,Xception
567,Salt&Pepper,spatter,2024-04-09 02:34:26.190624,0.8498252123292008,Xception
568,Salt&Pepper,speckle noise,2024-04-09 02:34:28.754313,0.959741337724348,Xception
569,Salt&Pepper,zoom blur,2024-04-09 02:34:31.289661,0.8731630843639973,Xception
570,DefaultAug,brightness,2024-04-09 02:52:08.496109,0.8936511851616844,Xception
571,DefaultAug,contrast,2024-04-09 02:52:11.964732,0.7624676805565154,Xception
572,DefaultAug,defocus blur,2024-04-09 02:52:14.504272,0.8886200934840802,Xception
573,DefaultAug,elastic,2024-04-09 02:52:17.108935,0.8486234808660711,Xception
574,DefaultAug,fog,2024-04-09 02:52:19.634542,0.860007548582535,Xception
575,DefaultAug,frost,2024-04-09 02:52:22.166254,0.7388211235713417,Xception
576,DefaultAug,frosted glass blur,2024-04-09 02:52:24.701023,0.6606334276778355,Xception
577,DefaultAug,gaussian blur,2024-04-09 02:52:27.234951,0.8421995305341392,Xception
578,DefaultAug,gaussian noise,2024-04-09 02:52:29.771186,0.537085422194673,Xception
579,DefaultAug,impulse noise,2024-04-09 02:52:32.318377,0.6191247885639222,Xception
580,DefaultAug,jpeg compression,2024-04-09 02:52:34.852684,0.8179782617398583,Xception
581,DefaultAug,motion blur,2024-04-09 02:52:37.376391,0.7749713185620297,Xception
582,DefaultAug,pixelate,2024-04-09 02:52:39.905863,0.8260880303110791,Xception
583,DefaultAug,saturate,2024-04-09 02:52:42.462729,0.8988855575479651,Xception
584,DefaultAug,shot noise,2024-04-09 02:52:44.998425,0.6332864462546591,Xception
585,DefaultAug,snow,2024-04-09 02:52:47.558274,0.7747457703193008,Xception
586,DefaultAug,spatter,2024-04-09 02:52:50.077671,0.7566219580217012,Xception
587,DefaultAug,speckle noise,2024-04-09 02:52:52.607298,0.6923082313935993,Xception
588,DefaultAug,zoom blur,2024-04-09 02:52:55.144301,0.8155994873387868,Xception
589,DefaultAug,brightness,2024-04-09 03:10:13.500887,0.9348005313430354,Xception
590,DefaultAug,contrast,2024-04-09 03:10:16.029830,0.821267158288516,Xception
591,DefaultAug,defocus blur,2024-04-09 03:10:18.534043,0.9388613018415924,Xception
592,DefaultAug,elastic,2024-04-09 03:10:21.079921,0.8969407674082468,Xception
593,DefaultAug,fog,2024-04-09 03:10:23.612165,0.8999193548984488,Xception
594,DefaultAug,frost,2024-04-09 03:10:26.141740,0.7613475013543493,Xception
595,DefaultAug,frosted glass blur,2024-04-09 03:10:28.665083,0.7052902939712273,Xception
596,DefaultAug,gaussian blur,2024-04-09 03:10:31.199539,0.9032681878621138,Xception
597,DefaultAug,gaussian noise,2024-04-09 03:10:33.732094,0.6281828573428544,Xception
598,DefaultAug,impulse noise,2024-04-09 03:10:36.266804,0.641217800685108,Xception
599,DefaultAug,jpeg compression,2024-04-09 03:10:38.793184,0.8402349431850903,Xception
600,DefaultAug,motion blur,2024-04-09 03:10:41.374417,0.8253428584252248,Xception
601,DefaultAug,pixelate,2024-04-09 03:10:43.918847,0.8263117101457086,Xception
602,DefaultAug,saturate,2024-04-09 03:10:46.450182,0.9479046631101752,Xception
603,DefaultAug,shot noise,2024-04-09 03:10:48.976310,0.7107584306347889,Xception
604,DefaultAug,snow,2024-04-09 03:10:51.522478,0.8040876085678162,Xception
605,DefaultAug,spatter,2024-04-09 03:10:54.336318,0.7871219038290008,Xception
606,DefaultAug,speckle noise,2024-04-09 03:10:56.892286,0.7510574498448699,Xception
607,DefaultAug,zoom blur,2024-04-09 03:10:59.438177,0.8865227639046249,Xception
608,DefaultAug,brightness,2024-04-09 03:20:05.091428,0.9425186863779438,Xception
609,DefaultAug,contrast,2024-04-09 03:20:07.640472,0.8126949475289736,Xception
610,DefaultAug,defocus blur,2024-04-09 03:20:10.153581,0.9422521939692612,Xception
611,DefaultAug,elastic,2024-04-09 03:20:12.699358,0.9059542570089546,Xception
612,DefaultAug,fog,2024-04-09 03:20:15.219779,0.9028988904436004,Xception
613,DefaultAug,frost,2024-04-09 03:20:17.771918,0.7550042188475693,Xception
614,DefaultAug,frosted glass blur,2024-04-09 03:20:20.312091,0.6757248657707555,Xception
615,DefaultAug,gaussian blur,2024-04-09 03:20:22.874341,0.9041009862788508,Xception
616,DefaultAug,gaussian noise,2024-04-09 03:20:25.400914,0.5148472986905336,Xception
617,DefaultAug,impulse noise,2024-04-09 03:20:27.935580,0.6532406801440505,Xception
618,DefaultAug,jpeg compression,2024-04-09 03:20:30.464516,0.8442417602308497,Xception
619,DefaultAug,motion blur,2024-04-09 03:20:33.003123,0.8135554760188585,Xception
620,DefaultAug,pixelate,2024-04-09 03:20:35.537393,0.8756521980355926,Xception
621,DefaultAug,saturate,2024-04-09 03:20:38.070848,0.9537447129870028,Xception
622,DefaultAug,shot noise,2024-04-09 03:20:40.606199,0.6279712266012833,Xception
623,DefaultAug,snow,2024-04-09 03:20:43.131808,0.8248965578687308,Xception
624,DefaultAug,spatter,2024-04-09 03:20:45.670618,0.8067576846737097,Xception
625,DefaultAug,speckle noise,2024-04-09 03:20:48.199964,0.6965274507088427,Xception
626,DefaultAug,zoom blur,2024-04-09 03:20:50.719853,0.8844546483232962,Xception
627,DefaultAug,brightness,2024-04-09 03:31:34.594152,0.9540537118016904,Xception
628,DefaultAug,contrast,2024-04-09 03:31:37.122123,0.794873623445386,Xception
629,DefaultAug,defocus blur,2024-04-09 03:31:39.663677,0.9506859795945576,Xception
630,DefaultAug,elastic,2024-04-09 03:31:42.207280,0.9085954128855134,Xception
631,DefaultAug,fog,2024-04-09 03:31:44.745365,0.8981763002352874,Xception
632,DefaultAug,frost,2024-04-09 03:31:47.277210,0.7524112850247129,Xception
633,DefaultAug,frosted glass blur,2024-04-09 03:31:49.813919,0.6604334942953104,Xception
634,DefaultAug,gaussian blur,2024-04-09 03:31:52.346741,0.9181974102794938,Xception
635,DefaultAug,gaussian noise,2024-04-09 03:31:54.872483,0.5323767959303352,Xception
636,DefaultAug,impulse noise,2024-04-09 03:31:57.395470,0.6298424039107184,Xception
637,DefaultAug,jpeg compression,2024-04-09 03:31:59.935981,0.8588759179714375,Xception
638,DefaultAug,motion blur,2024-04-09 03:32:02.478395,0.8191595828504766,Xception
639,DefaultAug,pixelate,2024-04-09 03:32:04.997358,0.8914897920081598,Xception
640,DefaultAug,saturate,2024-04-09 03:32:07.534886,0.9624509322750888,Xception
641,DefaultAug,shot noise,2024-04-09 03:32:10.046778,0.6312021782038076,Xception
642,DefaultAug,snow,2024-04-09 03:32:12.582806,0.801827942397565,Xception
643,DefaultAug,spatter,2024-04-09 03:32:15.112714,0.7955164925516022,Xception
644,DefaultAug,speckle noise,2024-04-09 03:32:17.643308,0.6988351599161988,Xception
645,DefaultAug,zoom blur,2024-04-09 03:32:20.171891,0.8859022579014443,Xception
646,DefaultAug,brightness,2024-04-09 03:42:14.990548,0.9452077692017028,Xception
647,DefaultAug,contrast,2024-04-09 03:42:18.498602,0.7905086619338004,Xception
648,DefaultAug,defocus blur,2024-04-09 03:42:21.021520,0.9580376819933928,Xception
649,DefaultAug,elastic,2024-04-09 03:42:23.564850,0.9217262113532512,Xception
650,DefaultAug,fog,2024-04-09 03:42:26.083285,0.8993894278056894,Xception
651,DefaultAug,frost,2024-04-09 03:42:28.617886,0.7626837485536689,Xception
652,DefaultAug,frosted glass blur,2024-04-09 03:42:31.168661,0.688791371365135,Xception
653,DefaultAug,gaussian blur,2024-04-09 03:42:33.702947,0.9338281017122914,Xception
654,DefaultAug,gaussian noise,2024-04-09 03:42:36.235073,0.6042381403540135,Xception
655,DefaultAug,impulse noise,2024-04-09 03:42:38.759453,0.6925919174964851,Xception
656,DefaultAug,jpeg compression,2024-04-09 03:42:41.295944,0.8587944772006738,Xception
657,DefaultAug,motion blur,2024-04-09 03:42:43.824782,0.8558022553530821,Xception
658,DefaultAug,pixelate,2024-04-09 03:42:46.342472,0.8594520817530988,Xception
659,DefaultAug,saturate,2024-04-09 03:42:48.924769,0.963263561809917,Xception
660,DefaultAug,shot noise,2024-04-09 03:42:51.450058,0.6883122925598201,Xception
661,DefaultAug,snow,2024-04-09 03:42:53.990243,0.829324821609165,Xception
662,DefaultAug,spatter,2024-04-09 03:42:56.557912,0.8361208008750838,Xception
663,DefaultAug,speckle noise,2024-04-09 03:42:59.127176,0.7457106005328403,Xception
664,DefaultAug,zoom blur,2024-04-09 03:43:01.658688,0.910157711356347,Xception
665,DefaultAug+S&P,brightness,2024-04-09 04:05:35.024451,0.8938927132170162,Xception
666,DefaultAug+S&P,contrast,2024-04-09 04:05:38.513835,0.6560083202474574,Xception
667,DefaultAug+S&P,defocus blur,2024-04-09 04:05:41.051979,0.9045672594824096,Xception
668,DefaultAug+S&P,elastic,2024-04-09 04:05:43.610809,0.8699832489489424,Xception
669,DefaultAug+S&P,fog,2024-04-09 04:05:46.148982,0.802415127827721,Xception
670,DefaultAug+S&P,frost,2024-04-09 04:05:48.681203,0.8109605348879478,Xception
671,DefaultAug+S&P,frosted glass blur,2024-04-09 04:05:51.219154,0.8675448753405384,Xception
672,DefaultAug+S&P,gaussian blur,2024-04-09 04:05:53.760209,0.8790501495335645,Xception
673,DefaultAug+S&P,gaussian noise,2024-04-09 04:05:56.294924,0.8909102687565754,Xception
674,DefaultAug+S&P,impulse noise,2024-04-09 04:05:58.845482,0.8946254012232228,Xception
675,DefaultAug+S&P,jpeg compression,2024-04-09 04:06:01.386145,0.9061398426938666,Xception
676,DefaultAug+S&P,motion blur,2024-04-09 04:06:03.917757,0.80377624224221,Xception
677,DefaultAug+S&P,pixelate,2024-04-09 04:06:06.456739,0.91417173351869,Xception
678,DefaultAug+S&P,saturate,2024-04-09 04:06:08.987871,0.91100226825598,Xception
679,DefaultAug+S&P,shot noise,2024-04-09 04:06:11.532933,0.9057723978340496,Xception
680,DefaultAug+S&P,snow,2024-04-09 04:06:14.083875,0.8355963341241738,Xception
681,DefaultAug+S&P,spatter,2024-04-09 04:06:16.615215,0.8266017652020743,Xception
682,DefaultAug+S&P,speckle noise,2024-04-09 04:06:19.155640,0.9126852284107174,Xception
683,DefaultAug+S&P,zoom blur,2024-04-09 04:06:21.685599,0.8661676499121687,Xception
684,DefaultAug+S&P,brightness,2024-04-09 04:17:55.477494,0.9236674758765586,Xception
685,DefaultAug+S&P,contrast,2024-04-09 04:17:58.019815,0.6642391915252781,Xception
686,DefaultAug+S&P,defocus blur,2024-04-09 04:18:00.558258,0.9239867282788704,Xception
687,DefaultAug+S&P,elastic,2024-04-09 04:18:03.096012,0.8951712915976326,Xception
688,DefaultAug+S&P,fog,2024-04-09 04:18:05.638885,0.8220189688447173,Xception
689,DefaultAug+S&P,frost,2024-04-09 04:18:08.173121,0.847334370069215,Xception
690,DefaultAug+S&P,frosted glass blur,2024-04-09 04:18:10.706770,0.895861858862194,Xception
691,DefaultAug+S&P,gaussian blur,2024-04-09 04:18:13.243814,0.9064998550092632,Xception
692,DefaultAug+S&P,gaussian noise,2024-04-09 04:18:15.787437,0.91045053527716,Xception
693,DefaultAug+S&P,impulse noise,2024-04-09 04:18:18.342434,0.9104743547280684,Xception
694,DefaultAug+S&P,jpeg compression,2024-04-09 04:18:20.884940,0.9226378118978972,Xception
695,DefaultAug+S&P,motion blur,2024-04-09 04:18:23.430453,0.8327626758628265,Xception
696,DefaultAug+S&P,pixelate,2024-04-09 04:18:25.957947,0.9246165594566744,Xception
697,DefaultAug+S&P,saturate,2024-04-09 04:18:28.486632,0.9218178620233748,Xception
698,DefaultAug+S&P,shot noise,2024-04-09 04:18:31.029921,0.9190717917665072,Xception
699,DefaultAug+S&P,snow,2024-04-09 04:18:33.616274,0.8622952411355657,Xception
700,DefaultAug+S&P,spatter,2024-04-09 04:18:36.139448,0.8462210668805316,Xception
701,DefaultAug+S&P,speckle noise,2024-04-09 04:18:38.690484,0.9251504144334336,Xception
702,DefaultAug+S&P,zoom blur,2024-04-09 04:18:41.219268,0.9073295419002784,Xception
703,DefaultAug+S&P,brightness,2024-04-09 04:29:25.824074,0.9352465551857784,Xception
704,DefaultAug+S&P,contrast,2024-04-09 04:29:28.367537,0.6560457212388983,Xception
705,DefaultAug+S&P,defocus blur,2024-04-09 04:29:30.884381,0.9456501863760678,Xception
706,DefaultAug+S&P,elastic,2024-04-09 04:29:33.409480,0.9093164670950844,Xception
707,DefaultAug+S&P,fog,2024-04-09 04:29:35.927168,0.8345945726782672,Xception
708,DefaultAug+S&P,frost,2024-04-09 04:29:38.473119,0.8502246914422116,Xception
709,DefaultAug+S&P,frosted glass blur,2024-04-09 04:29:40.996033,0.8926327807971172,Xception
710,DefaultAug+S&P,gaussian blur,2024-04-09 04:29:43.536513,0.9231285529749964,Xception
711,DefaultAug+S&P,gaussian noise,2024-04-09 04:29:46.121958,0.9101388469397624,Xception
712,DefaultAug+S&P,impulse noise,2024-04-09 04:29:48.652424,0.92181754768913,Xception
713,DefaultAug+S&P,jpeg compression,2024-04-09 04:29:51.185650,0.9308238401156756,Xception
714,DefaultAug+S&P,motion blur,2024-04-09 04:29:53.735104,0.8460291094601052,Xception
715,DefaultAug+S&P,pixelate,2024-04-09 04:29:56.265151,0.9475650332044422,Xception
716,DefaultAug+S&P,saturate,2024-04-09 04:29:58.804231,0.9437033952873396,Xception
717,DefaultAug+S&P,shot noise,2024-04-09 04:30:01.341906,0.9233656440897,Xception
718,DefaultAug+S&P,snow,2024-04-09 04:30:03.892511,0.864056532934584,Xception
719,DefaultAug+S&P,spatter,2024-04-09 04:30:06.425309,0.8461884692153395,Xception
720,DefaultAug+S&P,speckle noise,2024-04-09 04:30:08.975481,0.932274908141258,Xception
721,DefaultAug+S&P,zoom blur,2024-04-09 04:30:11.506101,0.9143944910492798,Xception
722,DefaultAug+S&P,brightness,2024-04-09 04:40:06.748847,0.933139287861078,Xception
723,DefaultAug+S&P,contrast,2024-04-09 04:40:09.306034,0.6585919128671966,Xception
724,DefaultAug+S&P,defocus blur,2024-04-09 04:40:11.854374,0.9428513504647932,Xception
725,DefaultAug+S&P,elastic,2024-04-09 04:40:14.404609,0.9109130150887044,Xception
726,DefaultAug+S&P,fog,2024-04-09 04:40:16.914281,0.8371350148166563,Xception
727,DefaultAug+S&P,frost,2024-04-09 04:40:19.460962,0.8491206534643357,Xception
728,DefaultAug+S&P,frosted glass blur,2024-04-09 04:40:22.006256,0.9087924078237948,Xception
729,DefaultAug+S&P,gaussian blur,2024-04-09 04:40:24.560248,0.922133819128042,Xception
730,DefaultAug+S&P,gaussian noise,2024-04-09 04:40:27.117613,0.922114515713196,Xception
731,DefaultAug+S&P,impulse noise,2024-04-09 04:40:29.655721,0.9315146881699872,Xception
732,DefaultAug+S&P,jpeg compression,2024-04-09 04:40:32.172982,0.9324688110013216,Xception
733,DefaultAug+S&P,motion blur,2024-04-09 04:40:34.706021,0.8482821145134206,Xception
734,DefaultAug+S&P,pixelate,2024-04-09 04:40:37.247822,0.9492650838805364,Xception
735,DefaultAug+S&P,saturate,2024-04-09 04:40:39.789767,0.935963819601033,Xception
736,DefaultAug+S&P,shot noise,2024-04-09 04:40:42.334492,0.9369580487878582,Xception
737,DefaultAug+S&P,snow,2024-04-09 04:40:44.900855,0.8497995586648839,Xception
738,DefaultAug+S&P,spatter,2024-04-09 04:40:47.435201,0.841613701935013,Xception
739,DefaultAug+S&P,speckle noise,2024-04-09 04:40:49.972832,0.9421013460636384,Xception
740,DefaultAug+S&P,zoom blur,2024-04-09 04:40:52.501147,0.9244442961844268,Xception
741,DefaultAug+S&P,brightness,2024-04-09 04:49:58.730595,0.9318052999062936,Xception
742,DefaultAug+S&P,contrast,2024-04-09 04:50:01.275174,0.6958801504578777,Xception
743,DefaultAug+S&P,defocus blur,2024-04-09 04:50:03.797251,0.9551535797780804,Xception
744,DefaultAug+S&P,elastic,2024-04-09 04:50:06.341413,0.9261574931834624,Xception
745,DefaultAug+S&P,fog,2024-04-09 04:50:08.863297,0.8342932120057022,Xception
746,DefaultAug+S&P,frost,2024-04-09 04:50:11.414020,0.8298447751118486,Xception
747,DefaultAug+S&P,frosted glass blur,2024-04-09 04:50:13.944142,0.9096856572965926,Xception
748,DefaultAug+S&P,gaussian blur,2024-04-09 04:50:16.472999,0.9343535187844172,Xception
749,DefaultAug+S&P,gaussian noise,2024-04-09 04:50:19.013625,0.8965515162670089,Xception
750,DefaultAug+S&P,impulse noise,2024-04-09 04:50:21.557354,0.9183904215683082,Xception
751,DefaultAug+S&P,jpeg compression,2024-04-09 04:50:24.104359,0.92641855520419,Xception
752,DefaultAug+S&P,motion blur,2024-04-09 04:50:26.634191,0.8616060260503211,Xception
753,DefaultAug+S&P,pixelate,2024-04-09 04:50:29.165506,0.94696596879141,Xception
754,DefaultAug+S&P,saturate,2024-04-09 04:50:31.720105,0.9488519918439868,Xception
755,DefaultAug+S&P,shot noise,2024-04-09 04:50:34.250307,0.9189720919364672,Xception
756,DefaultAug+S&P,snow,2024-04-09 04:50:36.786436,0.8248636823697307,Xception
757,DefaultAug+S&P,spatter,2024-04-09 04:50:39.318164,0.805604636606715,Xception
758,DefaultAug+S&P,speckle noise,2024-04-09 04:50:41.907923,0.9273153696278768,Xception
759,DefaultAug+S&P,zoom blur,2024-04-09 04:50:44.430080,0.9332813882113852,Xception
