Approach,Model,Corruption Type,Date,Training Time,Fscore
Baseline,ResNet50,in-sample,2024-04-16 19:40:35.008630,415.3196141719818,0.5418858982255429
Baseline,ResNet50,brightness_3,2024-04-16 19:40:37.892972,415.3196141719818,0.5048770235446906
Baseline,ResNet50,contrast_3,2024-04-16 19:40:40.260545,415.3196141719818,0.1189938239298822
Baseline,ResNet50,defocus_blur_3,2024-04-16 19:40:42.611236,415.3196141719818,0.4427135219428649
Baseline,ResNet50,elastic_3,2024-04-16 19:40:44.963453,415.3196141719818,0.434992198289405
Baseline,ResNet50,fog_3,2024-04-16 19:40:47.296196,415.3196141719818,0.2808119943711945
Baseline,ResNet50,frost_3,2024-04-16 19:40:49.644003,415.3196141719818,0.3929142002482438
Baseline,ResNet50,frosted_glass_blur_3,2024-04-16 19:40:51.985726,415.3196141719818,0.4803578310550902
Baseline,ResNet50,gaussian_blur_3,2024-04-16 19:40:54.337414,415.3196141719818,0.3972152651669786
Baseline,ResNet50,gaussian_noise_3,2024-04-16 19:40:56.678102,415.3196141719818,0.4664619426043744
Baseline,ResNet50,impulse_noise_3,2024-04-16 19:40:58.995172,415.3196141719818,0.4493907386628379
Baseline,ResNet50,jpeg_compression_3,2024-04-16 19:41:01.349600,415.3196141719818,0.53451404513942
Baseline,ResNet50,motion_blur_3,2024-04-16 19:41:03.692559,415.3196141719818,0.3313574538771756
Baseline,ResNet50,pixelate_3,2024-04-16 19:41:06.019407,415.3196141719818,0.529540051357657
Baseline,ResNet50,saturate_3,2024-04-16 19:41:08.345536,415.3196141719818,0.5354847259254596
Baseline,ResNet50,shot_noise_3,2024-04-16 19:41:10.668895,415.3196141719818,0.5061163669245705
Baseline,ResNet50,snow_3,2024-04-16 19:41:12.990231,415.3196141719818,0.482552536997691
Baseline,ResNet50,spatter_3,2024-04-16 19:41:15.342193,415.3196141719818,0.4992781562812475
Baseline,ResNet50,speckle_noise_3,2024-04-16 19:41:17.670347,415.3196141719818,0.5123928287403404
Baseline,ResNet50,zoom_blur_3,2024-04-16 19:41:20.016161,415.3196141719818,0.3959052496297309
Baseline,ResNet50,in-sample,2024-04-16 19:55:48.546139,864.0107190608978,0.6605191535325259
Baseline,ResNet50,brightness_3,2024-04-16 19:55:51.432182,864.0107190608978,0.6162967912602607
Baseline,ResNet50,contrast_3,2024-04-16 19:55:53.776623,864.0107190608978,0.2970038156444837
Baseline,ResNet50,defocus_blur_3,2024-04-16 19:55:56.183371,864.0107190608978,0.5940753472956012
Baseline,ResNet50,elastic_3,2024-04-16 19:55:58.608120,864.0107190608978,0.5679342298058155
Baseline,ResNet50,fog_3,2024-04-16 19:56:00.961664,864.0107190608978,0.4728137039186116
Baseline,ResNet50,frost_3,2024-04-16 19:56:03.316622,864.0107190608978,0.4724566597593821
Baseline,ResNet50,frosted_glass_blur_3,2024-04-16 19:56:05.673513,864.0107190608978,0.5917978478000521
Baseline,ResNet50,gaussian_blur_3,2024-04-16 19:56:08.022242,864.0107190608978,0.5542913556734803
Baseline,ResNet50,gaussian_noise_3,2024-04-16 19:56:10.359556,864.0107190608978,0.5883670468487942
Baseline,ResNet50,impulse_noise_3,2024-04-16 19:56:12.721623,864.0107190608978,0.5617225451870127
Baseline,ResNet50,jpeg_compression_3,2024-04-16 19:56:15.067355,864.0107190608978,0.639685415907128
Baseline,ResNet50,motion_blur_3,2024-04-16 19:56:17.421111,864.0107190608978,0.5170826105835573
Baseline,ResNet50,pixelate_3,2024-04-16 19:56:19.761898,864.0107190608978,0.6339203469816048
Baseline,ResNet50,saturate_3,2024-04-16 19:56:22.111432,864.0107190608978,0.651620876761452
Baseline,ResNet50,shot_noise_3,2024-04-16 19:56:24.508202,864.0107190608978,0.6282155161664646
Baseline,ResNet50,snow_3,2024-04-16 19:56:26.885356,864.0107190608978,0.563643692986121
Baseline,ResNet50,spatter_3,2024-04-16 19:56:29.236672,864.0107190608978,0.5708962597217937
Baseline,ResNet50,speckle_noise_3,2024-04-16 19:56:31.572603,864.0107190608978,0.6372671459916714
Baseline,ResNet50,zoom_blur_3,2024-04-16 19:56:33.913630,864.0107190608978,0.5404240606106302
Baseline,ResNet50,in-sample,2024-04-16 20:06:15.161813,576.2514748573303,0.6289931098886518
Baseline,ResNet50,brightness_3,2024-04-16 20:06:18.071738,576.2514748573303,0.5441091028876961
Baseline,ResNet50,contrast_3,2024-04-16 20:06:20.437248,576.2514748573303,0.2779032208700109
Baseline,ResNet50,defocus_blur_3,2024-04-16 20:06:22.781084,576.2514748573303,0.6052973184319461
Baseline,ResNet50,elastic_3,2024-04-16 20:06:25.135197,576.2514748573303,0.572269721905538
Baseline,ResNet50,fog_3,2024-04-16 20:06:27.535735,576.2514748573303,0.451053543010806
Baseline,ResNet50,frost_3,2024-04-16 20:06:29.933589,576.2514748573303,0.3561307222863919
Baseline,ResNet50,frosted_glass_blur_3,2024-04-16 20:06:32.310841,576.2514748573303,0.5274955487004706
Baseline,ResNet50,gaussian_blur_3,2024-04-16 20:06:35.104499,576.2514748573303,0.5788388017005911
Baseline,ResNet50,gaussian_noise_3,2024-04-16 20:06:37.465215,576.2514748573303,0.4411606602805287
Baseline,ResNet50,impulse_noise_3,2024-04-16 20:06:39.826245,576.2514748573303,0.4155710824293132
Baseline,ResNet50,jpeg_compression_3,2024-04-16 20:06:42.184128,576.2514748573303,0.5961274586554577
Baseline,ResNet50,motion_blur_3,2024-04-16 20:06:44.544482,576.2514748573303,0.4813472317670579
Baseline,ResNet50,pixelate_3,2024-04-16 20:06:46.921125,576.2514748573303,0.6162324401153116
Baseline,ResNet50,saturate_3,2024-04-16 20:06:49.290637,576.2514748573303,0.6189071057733856
Baseline,ResNet50,shot_noise_3,2024-04-16 20:06:51.652054,576.2514748573303,0.4858806316874721
Baseline,ResNet50,snow_3,2024-04-16 20:06:54.004664,576.2514748573303,0.4585006291246857
Baseline,ResNet50,spatter_3,2024-04-16 20:06:56.363420,576.2514748573303,0.469733052646801
Baseline,ResNet50,speckle_noise_3,2024-04-16 20:06:58.733261,576.2514748573303,0.5102075854765242
Baseline,ResNet50,zoom_blur_3,2024-04-16 20:07:01.121074,576.2514748573303,0.5628597885479303
Baseline,ResNet50,in-sample,2024-04-16 20:23:11.551403,965.815885066986,0.7144120001407764
Baseline,ResNet50,brightness_3,2024-04-16 20:23:14.414411,965.815885066986,0.6723560211743533
Baseline,ResNet50,contrast_3,2024-04-16 20:23:16.748522,965.815885066986,0.3503853012011318
Baseline,ResNet50,defocus_blur_3,2024-04-16 20:23:19.083299,965.815885066986,0.6440406946035386
Baseline,ResNet50,elastic_3,2024-04-16 20:23:21.411205,965.815885066986,0.6152158970795432
Baseline,ResNet50,fog_3,2024-04-16 20:23:23.727801,965.815885066986,0.5426456445975884
Baseline,ResNet50,frost_3,2024-04-16 20:23:26.049897,965.815885066986,0.4821389810656177
Baseline,ResNet50,frosted_glass_blur_3,2024-04-16 20:23:28.366528,965.815885066986,0.6292926332672482
Baseline,ResNet50,gaussian_blur_3,2024-04-16 20:23:30.692367,965.815885066986,0.5967470065259872
Baseline,ResNet50,gaussian_noise_3,2024-04-16 20:23:33.008920,965.815885066986,0.6429237802211334
Baseline,ResNet50,impulse_noise_3,2024-04-16 20:23:35.337681,965.815885066986,0.6115792581346835
Baseline,ResNet50,jpeg_compression_3,2024-04-16 20:23:37.659221,965.815885066986,0.6910539919098826
Baseline,ResNet50,motion_blur_3,2024-04-16 20:23:39.984102,965.815885066986,0.4883231084131575
Baseline,ResNet50,pixelate_3,2024-04-16 20:23:42.299026,965.815885066986,0.6955756641311748
Baseline,ResNet50,saturate_3,2024-04-16 20:23:44.618813,965.815885066986,0.706624804704078
Baseline,ResNet50,shot_noise_3,2024-04-16 20:23:46.948384,965.815885066986,0.6672823355348305
Baseline,ResNet50,snow_3,2024-04-16 20:23:49.276353,965.815885066986,0.6212804394063003
Baseline,ResNet50,spatter_3,2024-04-16 20:23:51.609536,965.815885066986,0.6196879163837451
Baseline,ResNet50,speckle_noise_3,2024-04-16 20:23:53.935946,965.815885066986,0.6754021251726139
Baseline,ResNet50,zoom_blur_3,2024-04-16 20:23:56.264900,965.815885066986,0.5730929066507359
Baseline,ResNet50,in-sample,2024-04-16 20:36:48.945737,768.1525619029999,0.6452760900746564
Baseline,ResNet50,brightness_3,2024-04-16 20:36:51.825558,768.1525619029999,0.5843946733214849
Baseline,ResNet50,contrast_3,2024-04-16 20:36:54.183882,768.1525619029999,0.2984739534180137
Baseline,ResNet50,defocus_blur_3,2024-04-16 20:36:56.525344,768.1525619029999,0.5890195029144193
Baseline,ResNet50,elastic_3,2024-04-16 20:36:58.925244,768.1525619029999,0.5657791067934294
Baseline,ResNet50,fog_3,2024-04-16 20:37:01.283894,768.1525619029999,0.4822831310964431
Baseline,ResNet50,frost_3,2024-04-16 20:37:03.634734,768.1525619029999,0.4788642869638543
Baseline,ResNet50,frosted_glass_blur_3,2024-04-16 20:37:06.000824,768.1525619029999,0.5660036350707479
Baseline,ResNet50,gaussian_blur_3,2024-04-16 20:37:08.370178,768.1525619029999,0.5488624787471006
Baseline,ResNet50,gaussian_noise_3,2024-04-16 20:37:10.727694,768.1525619029999,0.5792992547708613
Baseline,ResNet50,impulse_noise_3,2024-04-16 20:37:13.088892,768.1525619029999,0.5399830462002316
Baseline,ResNet50,jpeg_compression_3,2024-04-16 20:37:15.430315,768.1525619029999,0.6234680800741419
Baseline,ResNet50,motion_blur_3,2024-04-16 20:37:17.803551,768.1525619029999,0.5410292636439945
Baseline,ResNet50,pixelate_3,2024-04-16 20:37:20.146299,768.1525619029999,0.6189815759270797
Baseline,ResNet50,saturate_3,2024-04-16 20:37:22.505643,768.1525619029999,0.6409290805316339
Baseline,ResNet50,shot_noise_3,2024-04-16 20:37:24.842103,768.1525619029999,0.6111980272058439
Baseline,ResNet50,snow_3,2024-04-16 20:37:27.198983,768.1525619029999,0.5291151206435027
Baseline,ResNet50,spatter_3,2024-04-16 20:37:29.545944,768.1525619029999,0.5482167218890508
Baseline,ResNet50,speckle_noise_3,2024-04-16 20:37:31.894150,768.1525619029999,0.6288070654961964
Baseline,ResNet50,zoom_blur_3,2024-04-16 20:37:34.241086,768.1525619029999,0.5278660224449867
Salt&Pepper,ResNet50,in-sample,2024-04-16 20:46:18.979924,519.6405611038208,0.628669663529243
Salt&Pepper,ResNet50,brightness_3,2024-04-16 20:46:21.895613,519.6405611038208,0.607606887559327
Salt&Pepper,ResNet50,contrast_3,2024-04-16 20:46:24.236071,519.6405611038208,0.2435934036642074
Salt&Pepper,ResNet50,defocus_blur_3,2024-04-16 20:46:26.579949,519.6405611038208,0.6073601266107211
Salt&Pepper,ResNet50,elastic_3,2024-04-16 20:46:28.921401,519.6405611038208,0.5819630341226942
Salt&Pepper,ResNet50,fog_3,2024-04-16 20:46:31.293833,519.6405611038208,0.4476501690224513
Salt&Pepper,ResNet50,frost_3,2024-04-16 20:46:33.635295,519.6405611038208,0.511004500394833
Salt&Pepper,ResNet50,frosted_glass_blur_3,2024-04-16 20:46:35.983658,519.6405611038208,0.5913800072260313
Salt&Pepper,ResNet50,gaussian_blur_3,2024-04-16 20:46:38.330201,519.6405611038208,0.5854953156468591
Salt&Pepper,ResNet50,gaussian_noise_3,2024-04-16 20:46:40.674593,519.6405611038208,0.6139118752730179
Salt&Pepper,ResNet50,impulse_noise_3,2024-04-16 20:46:43.011924,519.6405611038208,0.5971867326037984
Salt&Pepper,ResNet50,jpeg_compression_3,2024-04-16 20:46:45.359984,519.6405611038208,0.6185290060180217
Salt&Pepper,ResNet50,motion_blur_3,2024-04-16 20:46:47.704381,519.6405611038208,0.5447133450870513
Salt&Pepper,ResNet50,pixelate_3,2024-04-16 20:46:50.036837,519.6405611038208,0.624952250520638
Salt&Pepper,ResNet50,saturate_3,2024-04-16 20:46:52.403269,519.6405611038208,0.6119766336457436
Salt&Pepper,ResNet50,shot_noise_3,2024-04-16 20:46:54.790980,519.6405611038208,0.6117694688983313
Salt&Pepper,ResNet50,snow_3,2024-04-16 20:46:57.148671,519.6405611038208,0.5522715500119897
Salt&Pepper,ResNet50,spatter_3,2024-04-16 20:46:59.495152,519.6405611038208,0.5504810791334271
Salt&Pepper,ResNet50,speckle_noise_3,2024-04-16 20:47:01.835689,519.6405611038208,0.617419664112571
Salt&Pepper,ResNet50,zoom_blur_3,2024-04-16 20:47:04.184371,519.6405611038208,0.5862827998909597
Salt&Pepper,ResNet50,in-sample,2024-04-16 20:55:48.999898,519.7430598735809,0.5614316186343923
Salt&Pepper,ResNet50,brightness_3,2024-04-16 20:55:51.881674,519.7430598735809,0.5466862502152223
Salt&Pepper,ResNet50,contrast_3,2024-04-16 20:55:54.227591,519.7430598735809,0.2617324669444735
Salt&Pepper,ResNet50,defocus_blur_3,2024-04-16 20:55:56.569170,519.7430598735809,0.5485668978542906
Salt&Pepper,ResNet50,elastic_3,2024-04-16 20:55:58.904074,519.7430598735809,0.5232551796695035
Salt&Pepper,ResNet50,fog_3,2024-04-16 20:56:01.237052,519.7430598735809,0.3796190966889053
Salt&Pepper,ResNet50,frost_3,2024-04-16 20:56:03.571886,519.7430598735809,0.4500302531162593
Salt&Pepper,ResNet50,frosted_glass_blur_3,2024-04-16 20:56:05.905044,519.7430598735809,0.5478949473088003
Salt&Pepper,ResNet50,gaussian_blur_3,2024-04-16 20:56:08.235454,519.7430598735809,0.5398784994896441
Salt&Pepper,ResNet50,gaussian_noise_3,2024-04-16 20:56:10.563353,519.7430598735809,0.5555587639649605
Salt&Pepper,ResNet50,impulse_noise_3,2024-04-16 20:56:12.905018,519.7430598735809,0.5533042511191433
Salt&Pepper,ResNet50,jpeg_compression_3,2024-04-16 20:56:15.240620,519.7430598735809,0.558860608252387
Salt&Pepper,ResNet50,motion_blur_3,2024-04-16 20:56:17.575889,519.7430598735809,0.513843200252902
Salt&Pepper,ResNet50,pixelate_3,2024-04-16 20:56:19.911240,519.7430598735809,0.5584320272703852
Salt&Pepper,ResNet50,saturate_3,2024-04-16 20:56:22.247862,519.7430598735809,0.551911279032876
Salt&Pepper,ResNet50,shot_noise_3,2024-04-16 20:56:24.589723,519.7430598735809,0.5595792712720163
Salt&Pepper,ResNet50,snow_3,2024-04-16 20:56:26.925371,519.7430598735809,0.523794301594028
Salt&Pepper,ResNet50,spatter_3,2024-04-16 20:56:29.263250,519.7430598735809,0.5338964741723432
Salt&Pepper,ResNet50,speckle_noise_3,2024-04-16 20:56:31.602357,519.7430598735809,0.5548355569552045
Salt&Pepper,ResNet50,zoom_blur_3,2024-04-16 20:56:33.942543,519.7430598735809,0.5255471884676012
Salt&Pepper,ResNet50,in-sample,2024-04-16 21:05:51.213213,552.2488594055176,0.6113182809189904
Salt&Pepper,ResNet50,brightness_3,2024-04-16 21:05:54.096847,552.2488594055176,0.5764754899784812
Salt&Pepper,ResNet50,contrast_3,2024-04-16 21:05:56.471400,552.2488594055176,0.287470897916843
Salt&Pepper,ResNet50,defocus_blur_3,2024-04-16 21:05:58.849708,552.2488594055176,0.6071639146949573
Salt&Pepper,ResNet50,elastic_3,2024-04-16 21:06:01.196349,552.2488594055176,0.5862115182164155
Salt&Pepper,ResNet50,fog_3,2024-04-16 21:06:03.564864,552.2488594055176,0.4228224013694076
Salt&Pepper,ResNet50,frost_3,2024-04-16 21:06:05.902214,552.2488594055176,0.4811913890677052
Salt&Pepper,ResNet50,frosted_glass_blur_3,2024-04-16 21:06:08.238559,552.2488594055176,0.5740235843490842
Salt&Pepper,ResNet50,gaussian_blur_3,2024-04-16 21:06:10.580025,552.2488594055176,0.5924707369775707
Salt&Pepper,ResNet50,gaussian_noise_3,2024-04-16 21:06:12.910114,552.2488594055176,0.5583400034303067
Salt&Pepper,ResNet50,impulse_noise_3,2024-04-16 21:06:15.247483,552.2488594055176,0.5392363541523059
Salt&Pepper,ResNet50,jpeg_compression_3,2024-04-16 21:06:17.591118,552.2488594055176,0.5969510702670271
Salt&Pepper,ResNet50,motion_blur_3,2024-04-16 21:06:19.971286,552.2488594055176,0.5612021587715056
Salt&Pepper,ResNet50,pixelate_3,2024-04-16 21:06:22.342815,552.2488594055176,0.6124454822702358
Salt&Pepper,ResNet50,saturate_3,2024-04-16 21:06:24.682936,552.2488594055176,0.6054512197847932
Salt&Pepper,ResNet50,shot_noise_3,2024-04-16 21:06:27.041550,552.2488594055176,0.570183412945484
Salt&Pepper,ResNet50,snow_3,2024-04-16 21:06:29.388670,552.2488594055176,0.4965800539904941
Salt&Pepper,ResNet50,spatter_3,2024-04-16 21:06:31.723711,552.2488594055176,0.4904742855442804
Salt&Pepper,ResNet50,speckle_noise_3,2024-04-16 21:06:34.061650,552.2488594055176,0.5770547280969304
Salt&Pepper,ResNet50,zoom_blur_3,2024-04-16 21:06:36.401171,552.2488594055176,0.5933950589239668
Salt&Pepper,ResNet50,in-sample,2024-04-16 21:16:10.131960,568.5512025356293,0.6166287768242962
Salt&Pepper,ResNet50,brightness_3,2024-04-16 21:16:13.108490,568.5512025356293,0.5641682304503027
Salt&Pepper,ResNet50,contrast_3,2024-04-16 21:16:15.548370,568.5512025356293,0.2584584272769236
Salt&Pepper,ResNet50,defocus_blur_3,2024-04-16 21:16:17.988553,568.5512025356293,0.5884759024174226
Salt&Pepper,ResNet50,elastic_3,2024-04-16 21:16:20.427276,568.5512025356293,0.5607818171396473
Salt&Pepper,ResNet50,fog_3,2024-04-16 21:16:22.903442,568.5512025356293,0.4240857588059039
Salt&Pepper,ResNet50,frost_3,2024-04-16 21:16:25.347371,568.5512025356293,0.4567760788140004
Salt&Pepper,ResNet50,frosted_glass_blur_3,2024-04-16 21:16:27.788107,568.5512025356293,0.5824889097792234
Salt&Pepper,ResNet50,gaussian_blur_3,2024-04-16 21:16:30.230118,568.5512025356293,0.5687870800482182
Salt&Pepper,ResNet50,gaussian_noise_3,2024-04-16 21:16:32.725483,568.5512025356293,0.6126729191403566
Salt&Pepper,ResNet50,impulse_noise_3,2024-04-16 21:16:35.168181,568.5512025356293,0.6111711962034272
Salt&Pepper,ResNet50,jpeg_compression_3,2024-04-16 21:16:37.601529,568.5512025356293,0.6109692893540075
Salt&Pepper,ResNet50,motion_blur_3,2024-04-16 21:16:40.044603,568.5512025356293,0.537054122719485
Salt&Pepper,ResNet50,pixelate_3,2024-04-16 21:16:42.489139,568.5512025356293,0.6063730407428414
Salt&Pepper,ResNet50,saturate_3,2024-04-16 21:16:44.921239,568.5512025356293,0.6009350387348374
Salt&Pepper,ResNet50,shot_noise_3,2024-04-16 21:16:47.356865,568.5512025356293,0.6158154977011557
Salt&Pepper,ResNet50,snow_3,2024-04-16 21:16:49.789175,568.5512025356293,0.5375186702245573
Salt&Pepper,ResNet50,spatter_3,2024-04-16 21:16:52.227839,568.5512025356293,0.5728891732000734
Salt&Pepper,ResNet50,speckle_noise_3,2024-04-16 21:16:54.671322,568.5512025356293,0.6152414249671498
Salt&Pepper,ResNet50,zoom_blur_3,2024-04-16 21:16:57.093349,568.5512025356293,0.559757469483264
Salt&Pepper,ResNet50,in-sample,2024-04-16 21:24:43.415782,461.1232681274414,0.549796562384723
Salt&Pepper,ResNet50,brightness_3,2024-04-16 21:24:46.393845,461.1232681274414,0.5516476806341523
Salt&Pepper,ResNet50,contrast_3,2024-04-16 21:24:48.848936,461.1232681274414,0.2175410840992841
Salt&Pepper,ResNet50,defocus_blur_3,2024-04-16 21:24:51.300081,461.1232681274414,0.5448905678838527
Salt&Pepper,ResNet50,elastic_3,2024-04-16 21:24:53.756078,461.1232681274414,0.53201911911808
Salt&Pepper,ResNet50,fog_3,2024-04-16 21:24:56.202259,461.1232681274414,0.4101879242301988
Salt&Pepper,ResNet50,frost_3,2024-04-16 21:24:58.638498,461.1232681274414,0.4515837598126985
Salt&Pepper,ResNet50,frosted_glass_blur_3,2024-04-16 21:25:01.074846,461.1232681274414,0.5381904618360184
Salt&Pepper,ResNet50,gaussian_blur_3,2024-04-16 21:25:03.564168,461.1232681274414,0.5387321265166893
Salt&Pepper,ResNet50,gaussian_noise_3,2024-04-16 21:25:06.039872,461.1232681274414,0.5388574141374068
Salt&Pepper,ResNet50,impulse_noise_3,2024-04-16 21:25:08.505737,461.1232681274414,0.5386542927489528
Salt&Pepper,ResNet50,jpeg_compression_3,2024-04-16 21:25:10.955425,461.1232681274414,0.5461240436708594
Salt&Pepper,ResNet50,motion_blur_3,2024-04-16 21:25:13.398370,461.1232681274414,0.5080926390752379
Salt&Pepper,ResNet50,pixelate_3,2024-04-16 21:25:15.843281,461.1232681274414,0.5501669104015907
Salt&Pepper,ResNet50,saturate_3,2024-04-16 21:25:18.274508,461.1232681274414,0.5454055772083548
Salt&Pepper,ResNet50,shot_noise_3,2024-04-16 21:25:20.725084,461.1232681274414,0.5388016485454064
Salt&Pepper,ResNet50,snow_3,2024-04-16 21:25:23.177902,461.1232681274414,0.5376590829561343
Salt&Pepper,ResNet50,spatter_3,2024-04-16 21:25:25.616505,461.1232681274414,0.527667122248139
Salt&Pepper,ResNet50,speckle_noise_3,2024-04-16 21:25:28.070678,461.1232681274414,0.5454055271176365
Salt&Pepper,ResNet50,zoom_blur_3,2024-04-16 21:25:30.520579,461.1232681274414,0.5319113121873285
Gaussian,ResNet50,in-sample,2024-04-16 21:44:01.705246,1106.3618626594543,0.7120053190536708
Gaussian,ResNet50,brightness_3,2024-04-16 21:44:04.715153,1106.3618626594543,0.677019766782669
Gaussian,ResNet50,contrast_3,2024-04-16 21:44:07.183281,1106.3618626594543,0.2933520981555859
Gaussian,ResNet50,defocus_blur_3,2024-04-16 21:44:09.653241,1106.3618626594543,0.6355387107370073
Gaussian,ResNet50,elastic_3,2024-04-16 21:44:12.147313,1106.3618626594543,0.6129972816419726
Gaussian,ResNet50,fog_3,2024-04-16 21:44:14.621924,1106.3618626594543,0.4876116356419824
Gaussian,ResNet50,frost_3,2024-04-16 21:44:17.118375,1106.3618626594543,0.5534265342966331
Gaussian,ResNet50,frosted_glass_blur_3,2024-04-16 21:44:19.578244,1106.3618626594543,0.6422506646912494
Gaussian,ResNet50,gaussian_blur_3,2024-04-16 21:44:22.037679,1106.3618626594543,0.5921387421499839
Gaussian,ResNet50,gaussian_noise_3,2024-04-16 21:44:24.497532,1106.3618626594543,0.6963586208479693
Gaussian,ResNet50,impulse_noise_3,2024-04-16 21:44:26.968215,1106.3618626594543,0.6706985641202531
Gaussian,ResNet50,jpeg_compression_3,2024-04-16 21:44:29.423404,1106.3618626594543,0.6987687025263163
Gaussian,ResNet50,motion_blur_3,2024-04-16 21:44:31.880873,1106.3618626594543,0.516651140708666
Gaussian,ResNet50,pixelate_3,2024-04-16 21:44:34.346800,1106.3618626594543,0.6889527058926761
Gaussian,ResNet50,saturate_3,2024-04-16 21:44:36.809305,1106.3618626594543,0.704596043566208
Gaussian,ResNet50,shot_noise_3,2024-04-16 21:44:39.259292,1106.3618626594543,0.7000142528657747
Gaussian,ResNet50,snow_3,2024-04-16 21:44:41.716230,1106.3618626594543,0.6365217300690318
Gaussian,ResNet50,spatter_3,2024-04-16 21:44:44.171703,1106.3618626594543,0.6414538135879556
Gaussian,ResNet50,speckle_noise_3,2024-04-16 21:44:46.640932,1106.3618626594543,0.6979484678121523
Gaussian,ResNet50,zoom_blur_3,2024-04-16 21:44:49.113238,1106.3618626594543,0.5936458162475371
Gaussian,ResNet50,in-sample,2024-04-16 21:59:49.745827,895.7847809791565,0.6412034482369544
Gaussian,ResNet50,brightness_3,2024-04-16 21:59:52.737943,895.7847809791565,0.5853956656849476
Gaussian,ResNet50,contrast_3,2024-04-16 21:59:55.175702,895.7847809791565,0.2062871805355414
Gaussian,ResNet50,defocus_blur_3,2024-04-16 21:59:57.620694,895.7847809791565,0.559546297527615
Gaussian,ResNet50,elastic_3,2024-04-16 22:00:00.065149,895.7847809791565,0.5302937935158836
Gaussian,ResNet50,fog_3,2024-04-16 22:00:02.528918,895.7847809791565,0.35376706808508
Gaussian,ResNet50,frost_3,2024-04-16 22:00:04.999275,895.7847809791565,0.4320019412339524
Gaussian,ResNet50,frosted_glass_blur_3,2024-04-16 22:00:07.517425,895.7847809791565,0.5708154863498518
Gaussian,ResNet50,gaussian_blur_3,2024-04-16 22:00:09.980971,895.7847809791565,0.5208942318332819
Gaussian,ResNet50,gaussian_noise_3,2024-04-16 22:00:12.437774,895.7847809791565,0.6607154428597285
Gaussian,ResNet50,impulse_noise_3,2024-04-16 22:00:14.880091,895.7847809791565,0.6447805859861901
Gaussian,ResNet50,jpeg_compression_3,2024-04-16 22:00:17.316998,895.7847809791565,0.6338945027713916
Gaussian,ResNet50,motion_blur_3,2024-04-16 22:00:19.760605,895.7847809791565,0.4692676132219615
Gaussian,ResNet50,pixelate_3,2024-04-16 22:00:22.197147,895.7847809791565,0.6196300868358053
Gaussian,ResNet50,saturate_3,2024-04-16 22:00:24.673184,895.7847809791565,0.6501806997771933
Gaussian,ResNet50,shot_noise_3,2024-04-16 22:00:27.113534,895.7847809791565,0.6636064093035559
Gaussian,ResNet50,snow_3,2024-04-16 22:00:29.551159,895.7847809791565,0.5798256755799509
Gaussian,ResNet50,spatter_3,2024-04-16 22:00:31.997301,895.7847809791565,0.6038057213812139
Gaussian,ResNet50,speckle_noise_3,2024-04-16 22:00:34.436368,895.7847809791565,0.6613272704889056
Gaussian,ResNet50,zoom_blur_3,2024-04-16 22:00:36.882722,895.7847809791565,0.5059502457950005
Gaussian,ResNet50,in-sample,2024-04-16 22:10:36.974035,595.3775572776794,0.5928910507036521
Gaussian,ResNet50,brightness_3,2024-04-16 22:10:39.857442,595.3775572776794,0.5771610135854826
Gaussian,ResNet50,contrast_3,2024-04-16 22:10:42.226801,595.3775572776794,0.1618903596793554
Gaussian,ResNet50,defocus_blur_3,2024-04-16 22:10:44.582793,595.3775572776794,0.5020813570515188
Gaussian,ResNet50,elastic_3,2024-04-16 22:10:46.943834,595.3775572776794,0.4744299447069676
Gaussian,ResNet50,fog_3,2024-04-16 22:10:49.308964,595.3775572776794,0.3209647217608447
Gaussian,ResNet50,frost_3,2024-04-16 22:10:51.662033,595.3775572776794,0.4790345230616446
Gaussian,ResNet50,frosted_glass_blur_3,2024-04-16 22:10:54.027136,595.3775572776794,0.5145651787951747
Gaussian,ResNet50,gaussian_blur_3,2024-04-16 22:10:56.381017,595.3775572776794,0.4540386369582343
Gaussian,ResNet50,gaussian_noise_3,2024-04-16 22:10:58.728293,595.3775572776794,0.6036234896948608
Gaussian,ResNet50,impulse_noise_3,2024-04-16 22:11:01.095502,595.3775572776794,0.5790933918562187
Gaussian,ResNet50,jpeg_compression_3,2024-04-16 22:11:03.452696,595.3775572776794,0.5839092608346247
Gaussian,ResNet50,motion_blur_3,2024-04-16 22:11:05.801142,595.3775572776794,0.4014993781431102
Gaussian,ResNet50,pixelate_3,2024-04-16 22:11:08.161310,595.3775572776794,0.5696880534302275
Gaussian,ResNet50,saturate_3,2024-04-16 22:11:10.517539,595.3775572776794,0.5779619541099585
Gaussian,ResNet50,shot_noise_3,2024-04-16 22:11:12.870010,595.3775572776794,0.6041790218204656
Gaussian,ResNet50,snow_3,2024-04-16 22:11:15.236467,595.3775572776794,0.5289024903583827
Gaussian,ResNet50,spatter_3,2024-04-16 22:11:17.603928,595.3775572776794,0.5467423981928702
Gaussian,ResNet50,speckle_noise_3,2024-04-16 22:11:20.027076,595.3775572776794,0.6004307175233063
Gaussian,ResNet50,zoom_blur_3,2024-04-16 22:11:22.437992,595.3775572776794,0.4372708786791386
Gaussian,ResNet50,in-sample,2024-04-16 22:24:02.245412,755.1358506679535,0.7187487715098617
Gaussian,ResNet50,brightness_3,2024-04-16 22:24:05.095527,755.1358506679535,0.6913613155197073
Gaussian,ResNet50,contrast_3,2024-04-16 22:24:07.502269,755.1358506679535,0.316408544694559
Gaussian,ResNet50,defocus_blur_3,2024-04-16 22:24:09.976627,755.1358506679535,0.6717368879443456
Gaussian,ResNet50,elastic_3,2024-04-16 22:24:12.425310,755.1358506679535,0.6467744777192648
Gaussian,ResNet50,fog_3,2024-04-16 22:24:14.836034,755.1358506679535,0.53713163213896
Gaussian,ResNet50,frost_3,2024-04-16 22:24:17.164568,755.1358506679535,0.5958433045100007
Gaussian,ResNet50,frosted_glass_blur_3,2024-04-16 22:24:19.487389,755.1358506679535,0.6652476108629063
Gaussian,ResNet50,gaussian_blur_3,2024-04-16 22:24:21.812295,755.1358506679535,0.647748510283327
Gaussian,ResNet50,gaussian_noise_3,2024-04-16 22:24:24.138110,755.1358506679535,0.6991548563496535
Gaussian,ResNet50,impulse_noise_3,2024-04-16 22:24:26.467772,755.1358506679535,0.6818326823833495
Gaussian,ResNet50,jpeg_compression_3,2024-04-16 22:24:28.782820,755.1358506679535,0.7073805526340778
Gaussian,ResNet50,motion_blur_3,2024-04-16 22:24:31.108501,755.1358506679535,0.5910981987502515
Gaussian,ResNet50,pixelate_3,2024-04-16 22:24:33.449176,755.1358506679535,0.7024287238884515
Gaussian,ResNet50,saturate_3,2024-04-16 22:24:35.767927,755.1358506679535,0.7032137984594169
Gaussian,ResNet50,shot_noise_3,2024-04-16 22:24:38.087888,755.1358506679535,0.7075510213106473
Gaussian,ResNet50,snow_3,2024-04-16 22:24:40.418322,755.1358506679535,0.653411633206072
Gaussian,ResNet50,spatter_3,2024-04-16 22:24:42.758568,755.1358506679535,0.6508543412030361
Gaussian,ResNet50,speckle_noise_3,2024-04-16 22:24:45.087225,755.1358506679535,0.7098568202701238
Gaussian,ResNet50,zoom_blur_3,2024-04-16 22:24:47.411049,755.1358506679535,0.633644427361228
Gaussian,ResNet50,in-sample,2024-04-16 22:38:09.468565,797.384476184845,0.6734935931768599
Gaussian,ResNet50,brightness_3,2024-04-16 22:38:12.323192,797.384476184845,0.6327258197622166
Gaussian,ResNet50,contrast_3,2024-04-16 22:38:14.677046,797.384476184845,0.188104565808421
Gaussian,ResNet50,defocus_blur_3,2024-04-16 22:38:17.064692,797.384476184845,0.5800466722687354
Gaussian,ResNet50,elastic_3,2024-04-16 22:38:19.404191,797.384476184845,0.5632911785952105
Gaussian,ResNet50,fog_3,2024-04-16 22:38:21.744377,797.384476184845,0.3764004358573775
Gaussian,ResNet50,frost_3,2024-04-16 22:38:24.085807,797.384476184845,0.5094467131025999
Gaussian,ResNet50,frosted_glass_blur_3,2024-04-16 22:38:26.430440,797.384476184845,0.5798339230356726
Gaussian,ResNet50,gaussian_blur_3,2024-04-16 22:38:28.771160,797.384476184845,0.534154294033684
Gaussian,ResNet50,gaussian_noise_3,2024-04-16 22:38:31.096057,797.384476184845,0.6792768373111873
Gaussian,ResNet50,impulse_noise_3,2024-04-16 22:38:33.451184,797.384476184845,0.6597055415337867
Gaussian,ResNet50,jpeg_compression_3,2024-04-16 22:38:35.785621,797.384476184845,0.6603761671648767
Gaussian,ResNet50,motion_blur_3,2024-04-16 22:38:38.128337,797.384476184845,0.5040792066084638
Gaussian,ResNet50,pixelate_3,2024-04-16 22:38:40.469767,797.384476184845,0.6452450782219776
Gaussian,ResNet50,saturate_3,2024-04-16 22:38:42.798349,797.384476184845,0.6760240657179009
Gaussian,ResNet50,shot_noise_3,2024-04-16 22:38:45.126839,797.384476184845,0.6847044823862818
Gaussian,ResNet50,snow_3,2024-04-16 22:38:47.449674,797.384476184845,0.5947511326440329
Gaussian,ResNet50,spatter_3,2024-04-16 22:38:49.788639,797.384476184845,0.6241348441115757
Gaussian,ResNet50,speckle_noise_3,2024-04-16 22:38:52.140050,797.384476184845,0.6833608711527293
Gaussian,ResNet50,zoom_blur_3,2024-04-16 22:38:54.486982,797.384476184845,0.5171225431829544