Approach,Model,Corruption Type,Date,Fscore
Baseline,ResNet50,brightness_3,2024-04-10 16:13:38.162315,0.6856949915965063
Baseline,ResNet50,contrast_3,2024-04-10 16:13:40.543557,0.3113372230278667
Baseline,ResNet50,defocus_blur_3,2024-04-10 16:13:42.897412,0.6915719718537074
Baseline,ResNet50,elastic_3,2024-04-10 16:13:45.245395,0.6285905603929399
Baseline,ResNet50,fog_3,2024-04-10 16:13:47.585964,0.4965523641623727
Baseline,ResNet50,frost_3,2024-04-10 16:13:49.926649,0.4661955620070689
Baseline,ResNet50,frosted_glass_blur_3,2024-04-10 16:13:52.259106,0.5926070692437991
Baseline,ResNet50,gaussian_blur_3,2024-04-10 16:13:54.607835,0.649501692538261
Baseline,ResNet50,gaussian_noise_3,2024-04-10 16:13:56.960855,0.6163195602678051
Baseline,ResNet50,impulse_noise_3,2024-04-10 16:13:59.294294,0.5879397007077665
Baseline,ResNet50,jpeg_compression_3,2024-04-10 16:14:01.636671,0.7089740019840698
Baseline,ResNet50,motion_blur_3,2024-04-10 16:14:03.983171,0.4934998202435409
Baseline,ResNet50,pixelate_3,2024-04-10 16:14:06.305437,0.7187905026123617
Baseline,ResNet50,saturate_3,2024-04-10 16:14:08.647600,0.7407637430280853
Baseline,ResNet50,shot_noise_3,2024-04-10 16:14:10.986980,0.6462032724927507
Baseline,ResNet50,snow_3,2024-04-10 16:14:13.311052,0.615952114135365
Baseline,ResNet50,spatter_3,2024-04-10 16:14:15.656845,0.6093458712391258
Baseline,ResNet50,speckle_noise_3,2024-04-10 16:14:17.997969,0.6590876320714297
Baseline,ResNet50,zoom_blur_3,2024-04-10 16:14:20.339126,0.6463422152462909
Baseline,ResNet50,brightness_3,2024-04-10 16:27:18.814568,0.9286704031457916
Baseline,ResNet50,contrast_3,2024-04-10 16:27:21.151867,0.5398622364573089
Baseline,ResNet50,defocus_blur_3,2024-04-10 16:27:23.491602,0.900893637355172
Baseline,ResNet50,elastic_3,2024-04-10 16:27:25.822797,0.8190337798415672
Baseline,ResNet50,fog_3,2024-04-10 16:27:28.156148,0.7639109600428663
Baseline,ResNet50,frost_3,2024-04-10 16:27:30.502295,0.7645986667557788
Baseline,ResNet50,frosted_glass_blur_3,2024-04-10 16:27:32.850501,0.8154917045496696
Baseline,ResNet50,gaussian_blur_3,2024-04-10 16:27:35.205830,0.8284626008833561
Baseline,ResNet50,gaussian_noise_3,2024-04-10 16:27:37.541752,0.8257265961717106
Baseline,ResNet50,impulse_noise_3,2024-04-10 16:27:39.895461,0.7828985293848608
Baseline,ResNet50,jpeg_compression_3,2024-04-10 16:27:42.224711,0.9307830532798486
Baseline,ResNet50,motion_blur_3,2024-04-10 16:27:44.574402,0.6775055301035827
Baseline,ResNet50,pixelate_3,2024-04-10 16:27:46.906442,0.9501819340132212
Baseline,ResNet50,saturate_3,2024-04-10 16:27:49.238102,0.9555163138431776
Baseline,ResNet50,shot_noise_3,2024-04-10 16:27:51.582609,0.8796939062483933
Baseline,ResNet50,snow_3,2024-04-10 16:27:53.915149,0.8359059401291956
Baseline,ResNet50,spatter_3,2024-04-10 16:27:56.249553,0.8203021384911946
Baseline,ResNet50,speckle_noise_3,2024-04-10 16:27:58.582066,0.9025198663033364
Baseline,ResNet50,zoom_blur_3,2024-04-10 16:28:00.923554,0.7956109847985113
Baseline,ResNet50,brightness_3,2024-04-10 16:35:49.466876,0.9465486417974665
Baseline,ResNet50,contrast_3,2024-04-10 16:35:52.725133,0.5324659409978919
Baseline,ResNet50,defocus_blur_3,2024-04-10 16:35:55.050681,0.915411538197878
Baseline,ResNet50,elastic_3,2024-04-10 16:35:57.382684,0.8231266065424917
Baseline,ResNet50,fog_3,2024-04-10 16:35:59.701963,0.7629044976313242
Baseline,ResNet50,frost_3,2024-04-10 16:36:02.039982,0.7664106601906859
Baseline,ResNet50,frosted_glass_blur_3,2024-04-10 16:36:04.375294,0.8196583872049323
Baseline,ResNet50,gaussian_blur_3,2024-04-10 16:36:06.710775,0.8512546575092909
Baseline,ResNet50,gaussian_noise_3,2024-04-10 16:36:09.065831,0.802690568982114
Baseline,ResNet50,impulse_noise_3,2024-04-10 16:36:11.413508,0.765320336673781
Baseline,ResNet50,jpeg_compression_3,2024-04-10 16:36:13.790872,0.932256360327764
Baseline,ResNet50,motion_blur_3,2024-04-10 16:36:16.111615,0.6764954902188111
Baseline,ResNet50,pixelate_3,2024-04-10 16:36:18.432105,0.9594601523602246
Baseline,ResNet50,saturate_3,2024-04-10 16:36:20.782520,0.9681943284769284
Baseline,ResNet50,shot_noise_3,2024-04-10 16:36:23.118422,0.8605896396630554
Baseline,ResNet50,snow_3,2024-04-10 16:36:25.458182,0.8335029553334374
Baseline,ResNet50,spatter_3,2024-04-10 16:36:27.798823,0.8108756022564563
Baseline,ResNet50,speckle_noise_3,2024-04-10 16:36:30.145743,0.8836237144726431
Baseline,ResNet50,zoom_blur_3,2024-04-10 16:36:32.478646,0.8186934058029947
Baseline,ResNet50,brightness_3,2024-04-10 16:48:13.015515,0.9527502877008944
Baseline,ResNet50,contrast_3,2024-04-10 16:48:15.356387,0.5296190776933073
Baseline,ResNet50,defocus_blur_3,2024-04-10 16:48:17.699988,0.9304264961716298
Baseline,ResNet50,elastic_3,2024-04-10 16:48:20.031960,0.8427649109659313
Baseline,ResNet50,fog_3,2024-04-10 16:48:22.357405,0.7738601102524568
Baseline,ResNet50,frost_3,2024-04-10 16:48:24.695769,0.7760009474320019
Baseline,ResNet50,frosted_glass_blur_3,2024-04-10 16:48:27.043617,0.8184236736362708
Baseline,ResNet50,gaussian_blur_3,2024-04-10 16:48:29.372202,0.8674423762234819
Baseline,ResNet50,gaussian_noise_3,2024-04-10 16:48:31.703048,0.8085834097973127
Baseline,ResNet50,impulse_noise_3,2024-04-10 16:48:34.032784,0.7625681191357663
Baseline,ResNet50,jpeg_compression_3,2024-04-10 16:48:36.348455,0.9408717015505254
Baseline,ResNet50,motion_blur_3,2024-04-10 16:48:38.676894,0.7489053358253017
Baseline,ResNet50,pixelate_3,2024-04-10 16:48:41.006743,0.967240128026947
Baseline,ResNet50,saturate_3,2024-04-10 16:48:43.337344,0.9734153182731172
Baseline,ResNet50,shot_noise_3,2024-04-10 16:48:45.657520,0.8640334818261672
Baseline,ResNet50,snow_3,2024-04-10 16:48:47.975307,0.8396844526149734
Baseline,ResNet50,spatter_3,2024-04-10 16:48:50.300602,0.8229138185023668
Baseline,ResNet50,speckle_noise_3,2024-04-10 16:48:52.622853,0.8916810360938283
Baseline,ResNet50,zoom_blur_3,2024-04-10 16:48:54.976558,0.8198854052227595
Baseline,ResNet50,brightness_3,2024-04-10 16:59:17.058703,0.9551343674845638
Baseline,ResNet50,contrast_3,2024-04-10 16:59:19.414014,0.525156990600174
Baseline,ResNet50,defocus_blur_3,2024-04-10 16:59:21.738799,0.9191115079098348
Baseline,ResNet50,elastic_3,2024-04-10 16:59:24.073169,0.823205253994655
Baseline,ResNet50,fog_3,2024-04-10 16:59:26.408898,0.7654261741294068
Baseline,ResNet50,frost_3,2024-04-10 16:59:28.741071,0.7683196742988044
Baseline,ResNet50,frosted_glass_blur_3,2024-04-10 16:59:31.107454,0.8376057900226435
Baseline,ResNet50,gaussian_blur_3,2024-04-10 16:59:33.433168,0.8447015163013789
Baseline,ResNet50,gaussian_noise_3,2024-04-10 16:59:35.779681,0.858548220561088
Baseline,ResNet50,impulse_noise_3,2024-04-10 16:59:38.111007,0.799445764483803
Baseline,ResNet50,jpeg_compression_3,2024-04-10 16:59:40.445784,0.9513910361395826
Baseline,ResNet50,motion_blur_3,2024-04-10 16:59:42.783217,0.697311927259278
Baseline,ResNet50,pixelate_3,2024-04-10 16:59:45.113016,0.971249060619412
Baseline,ResNet50,saturate_3,2024-04-10 16:59:47.436111,0.9826995604966022
Baseline,ResNet50,shot_noise_3,2024-04-10 16:59:49.770489,0.9097191591200284
Baseline,ResNet50,snow_3,2024-04-10 16:59:52.099038,0.8583249933086462
Baseline,ResNet50,spatter_3,2024-04-10 16:59:54.416126,0.8471593359892035
Baseline,ResNet50,speckle_noise_3,2024-04-10 16:59:56.742371,0.9280703074873288
Baseline,ResNet50,zoom_blur_3,2024-04-10 16:59:59.089543,0.810544735607205
Salt&Pepper,ResNet50,brightness_3,2024-04-10 17:10:17.198150,0.7153005813546882
Salt&Pepper,ResNet50,contrast_3,2024-04-10 17:10:19.530184,0.3085176043177387
Salt&Pepper,ResNet50,defocus_blur_3,2024-04-10 17:10:21.876527,0.7366357855654683
Salt&Pepper,ResNet50,elastic_3,2024-04-10 17:10:24.236932,0.6697880662092597
Salt&Pepper,ResNet50,fog_3,2024-04-10 17:10:26.575445,0.4741035351162297
Salt&Pepper,ResNet50,frost_3,2024-04-10 17:10:28.910008,0.585861508025153
Salt&Pepper,ResNet50,frosted_glass_blur_3,2024-04-10 17:10:31.240000,0.7138089204927426
Salt&Pepper,ResNet50,gaussian_blur_3,2024-04-10 17:10:33.578615,0.7182750800775174
Salt&Pepper,ResNet50,gaussian_noise_3,2024-04-10 17:10:35.902676,0.7478607849880283
Salt&Pepper,ResNet50,impulse_noise_3,2024-04-10 17:10:38.232777,0.7427112817908986
Salt&Pepper,ResNet50,jpeg_compression_3,2024-04-10 17:10:40.560848,0.7501802748104103
Salt&Pepper,ResNet50,motion_blur_3,2024-04-10 17:10:42.889818,0.6054382665955651
Salt&Pepper,ResNet50,pixelate_3,2024-04-10 17:10:45.223160,0.7548534767338458
Salt&Pepper,ResNet50,saturate_3,2024-04-10 17:10:47.557285,0.7467308817163467
Salt&Pepper,ResNet50,shot_noise_3,2024-04-10 17:10:49.909455,0.7495367676556917
Salt&Pepper,ResNet50,snow_3,2024-04-10 17:10:52.248524,0.6955716524737249
Salt&Pepper,ResNet50,spatter_3,2024-04-10 17:10:54.575880,0.69486569468282
Salt&Pepper,ResNet50,speckle_noise_3,2024-04-10 17:10:56.913761,0.7521220598439557
Salt&Pepper,ResNet50,zoom_blur_3,2024-04-10 17:10:59.251451,0.6891711396906214
Salt&Pepper,ResNet50,brightness_3,2024-04-10 17:18:55.918833,0.7097803625872666
Salt&Pepper,ResNet50,contrast_3,2024-04-10 17:18:58.247230,0.3002826251502962
Salt&Pepper,ResNet50,defocus_blur_3,2024-04-10 17:19:00.591390,0.7371918298287057
Salt&Pepper,ResNet50,elastic_3,2024-04-10 17:19:02.948235,0.6830224419259727
Salt&Pepper,ResNet50,fog_3,2024-04-10 17:19:05.291080,0.52919297817243
Salt&Pepper,ResNet50,frost_3,2024-04-10 17:19:07.622274,0.573259855396496
Salt&Pepper,ResNet50,frosted_glass_blur_3,2024-04-10 17:19:09.991788,0.7132603235943267
Salt&Pepper,ResNet50,gaussian_blur_3,2024-04-10 17:19:12.323554,0.72242147223029
Salt&Pepper,ResNet50,gaussian_noise_3,2024-04-10 17:19:14.665296,0.7413281476105082
Salt&Pepper,ResNet50,impulse_noise_3,2024-04-10 17:19:17.020737,0.7299464490504564
Salt&Pepper,ResNet50,jpeg_compression_3,2024-04-10 17:19:19.453136,0.7471068867912869
Salt&Pepper,ResNet50,motion_blur_3,2024-04-10 17:19:21.768848,0.6478779540278686
Salt&Pepper,ResNet50,pixelate_3,2024-04-10 17:19:24.115384,0.7524385799985688
Salt&Pepper,ResNet50,saturate_3,2024-04-10 17:19:26.453705,0.7500072047368487
Salt&Pepper,ResNet50,shot_noise_3,2024-04-10 17:19:28.791054,0.7459963737640701
Salt&Pepper,ResNet50,snow_3,2024-04-10 17:19:31.133937,0.6641688876710022
Salt&Pepper,ResNet50,spatter_3,2024-04-10 17:19:33.459168,0.6570933550569994
Salt&Pepper,ResNet50,speckle_noise_3,2024-04-10 17:19:35.794430,0.7492181539769583
Salt&Pepper,ResNet50,zoom_blur_3,2024-04-10 17:19:38.139483,0.7047422799002915
Salt&Pepper,ResNet50,brightness_3,2024-04-10 17:27:34.027932,0.8208059242626076
Salt&Pepper,ResNet50,contrast_3,2024-04-10 17:27:36.382100,0.387249240566493
Salt&Pepper,ResNet50,defocus_blur_3,2024-04-10 17:27:38.768228,0.8366438804709825
Salt&Pepper,ResNet50,elastic_3,2024-04-10 17:27:41.115693,0.7721894692203578
Salt&Pepper,ResNet50,fog_3,2024-04-10 17:27:43.453363,0.6211685943466223
Salt&Pepper,ResNet50,frost_3,2024-04-10 17:27:45.793356,0.7096776056661509
Salt&Pepper,ResNet50,frosted_glass_blur_3,2024-04-10 17:27:48.178858,0.8073444001762635
Salt&Pepper,ResNet50,gaussian_blur_3,2024-04-10 17:27:50.500952,0.8224650905853442
Salt&Pepper,ResNet50,gaussian_noise_3,2024-04-10 17:27:52.819347,0.822636878946869
Salt&Pepper,ResNet50,impulse_noise_3,2024-04-10 17:27:55.149087,0.8125159705484988
Salt&Pepper,ResNet50,jpeg_compression_3,2024-04-10 17:27:57.524405,0.8307673769128859
Salt&Pepper,ResNet50,motion_blur_3,2024-04-10 17:27:59.862837,0.7579454860190441
Salt&Pepper,ResNet50,pixelate_3,2024-04-10 17:28:02.183962,0.8421791142786853
Salt&Pepper,ResNet50,saturate_3,2024-04-10 17:28:04.535338,0.8257216545898862
Salt&Pepper,ResNet50,shot_noise_3,2024-04-10 17:28:06.863442,0.8321288425195608
Salt&Pepper,ResNet50,snow_3,2024-04-10 17:28:09.191562,0.7506388743304211
Salt&Pepper,ResNet50,spatter_3,2024-04-10 17:28:11.515172,0.7337064452793888
Salt&Pepper,ResNet50,speckle_noise_3,2024-04-10 17:28:13.846547,0.8355114631273102
Salt&Pepper,ResNet50,zoom_blur_3,2024-04-10 17:28:16.171451,0.8068426060675391
Salt&Pepper,ResNet50,brightness_3,2024-04-10 17:35:35.586033,0.8108348271979045
Salt&Pepper,ResNet50,contrast_3,2024-04-10 17:35:38.866091,0.4616856791684864
Salt&Pepper,ResNet50,defocus_blur_3,2024-04-10 17:35:41.196225,0.8398274945496158
Salt&Pepper,ResNet50,elastic_3,2024-04-10 17:35:43.538845,0.7655619362462047
Salt&Pepper,ResNet50,fog_3,2024-04-10 17:35:45.874698,0.6336336728142681
Salt&Pepper,ResNet50,frost_3,2024-04-10 17:35:48.203257,0.6442402564616883
Salt&Pepper,ResNet50,frosted_glass_blur_3,2024-04-10 17:35:50.542658,0.8024304043792704
Salt&Pepper,ResNet50,gaussian_blur_3,2024-04-10 17:35:52.893147,0.824399875820417
Salt&Pepper,ResNet50,gaussian_noise_3,2024-04-10 17:35:55.252606,0.8276176719495126
Salt&Pepper,ResNet50,impulse_noise_3,2024-04-10 17:35:57.581446,0.8193094754493397
Salt&Pepper,ResNet50,jpeg_compression_3,2024-04-10 17:35:59.916378,0.8401292153710344
Salt&Pepper,ResNet50,motion_blur_3,2024-04-10 17:36:02.248386,0.7208726874935105
Salt&Pepper,ResNet50,pixelate_3,2024-04-10 17:36:04.575771,0.849120291161819
Salt&Pepper,ResNet50,saturate_3,2024-04-10 17:36:06.918282,0.8373972608433664
Salt&Pepper,ResNet50,shot_noise_3,2024-04-10 17:36:09.269064,0.841853449304374
Salt&Pepper,ResNet50,snow_3,2024-04-10 17:36:11.606436,0.7457035758060052
Salt&Pepper,ResNet50,spatter_3,2024-04-10 17:36:13.964197,0.7347637051416294
Salt&Pepper,ResNet50,speckle_noise_3,2024-04-10 17:36:16.307489,0.8434403373269292
Salt&Pepper,ResNet50,zoom_blur_3,2024-04-10 17:36:18.639581,0.8005976393222152
Salt&Pepper,ResNet50,brightness_3,2024-04-10 17:44:15.252387,0.827827531225763
Salt&Pepper,ResNet50,contrast_3,2024-04-10 17:44:18.523446,0.487910823924737
Salt&Pepper,ResNet50,defocus_blur_3,2024-04-10 17:44:20.874963,0.8557662560181832
Salt&Pepper,ResNet50,elastic_3,2024-04-10 17:44:23.184545,0.7781589024951465
Salt&Pepper,ResNet50,fog_3,2024-04-10 17:44:25.522380,0.6655393109876394
Salt&Pepper,ResNet50,frost_3,2024-04-10 17:44:27.873331,0.7272060032662823
Salt&Pepper,ResNet50,frosted_glass_blur_3,2024-04-10 17:44:30.203005,0.8094551998649481
Salt&Pepper,ResNet50,gaussian_blur_3,2024-04-10 17:44:32.540439,0.8476652342587983
Salt&Pepper,ResNet50,gaussian_noise_3,2024-04-10 17:44:34.910409,0.8255542320031903
Salt&Pepper,ResNet50,impulse_noise_3,2024-04-10 17:44:37.241639,0.8080286646777838
Salt&Pepper,ResNet50,jpeg_compression_3,2024-04-10 17:44:39.584181,0.8345814431386795
Salt&Pepper,ResNet50,motion_blur_3,2024-04-10 17:44:41.943723,0.740105320248422
Salt&Pepper,ResNet50,pixelate_3,2024-04-10 17:44:44.277920,0.8524786332329238
Salt&Pepper,ResNet50,saturate_3,2024-04-10 17:44:46.613525,0.8279353625484502
Salt&Pepper,ResNet50,shot_noise_3,2024-04-10 17:44:48.951989,0.83426329743986
Salt&Pepper,ResNet50,snow_3,2024-04-10 17:44:51.298210,0.7433807145197141
Salt&Pepper,ResNet50,spatter_3,2024-04-10 17:44:53.626916,0.7052492085236577
Salt&Pepper,ResNet50,speckle_noise_3,2024-04-10 17:44:55.955524,0.839418945161699
Salt&Pepper,ResNet50,zoom_blur_3,2024-04-10 17:44:58.294411,0.8195167426499491
DefaultAug,ResNet50,brightness_3,2024-04-10 18:01:26.408040,0.81459118207143
DefaultAug,ResNet50,contrast_3,2024-04-10 18:01:28.748918,0.5208370039236024
DefaultAug,ResNet50,defocus_blur_3,2024-04-10 18:01:31.091345,0.7937044956979065
DefaultAug,ResNet50,elastic_3,2024-04-10 18:01:33.418332,0.7612590404954763
DefaultAug,ResNet50,fog_3,2024-04-10 18:01:35.815827,0.7127150586252113
DefaultAug,ResNet50,frost_3,2024-04-10 18:01:38.128420,0.6559404142912127
DefaultAug,ResNet50,frosted_glass_blur_3,2024-04-10 18:01:40.453143,0.742973409849751
DefaultAug,ResNet50,gaussian_blur_3,2024-04-10 18:01:42.778991,0.735304628097685
DefaultAug,ResNet50,gaussian_noise_3,2024-04-10 18:01:45.096337,0.675213710600715
DefaultAug,ResNet50,impulse_noise_3,2024-04-10 18:01:47.417162,0.6369606942801803
DefaultAug,ResNet50,jpeg_compression_3,2024-04-10 18:01:49.752855,0.8129885065566187
DefaultAug,ResNet50,motion_blur_3,2024-04-10 18:01:52.071658,0.6289886589939543
DefaultAug,ResNet50,pixelate_3,2024-04-10 18:01:54.390270,0.8425787177552913
DefaultAug,ResNet50,saturate_3,2024-04-10 18:01:56.716456,0.8490267099527834
DefaultAug,ResNet50,shot_noise_3,2024-04-10 18:01:59.029706,0.744751223199007
DefaultAug,ResNet50,snow_3,2024-04-10 18:02:01.327525,0.7447783098227065
DefaultAug,ResNet50,spatter_3,2024-04-10 18:02:03.629565,0.7394668860277158
DefaultAug,ResNet50,speckle_noise_3,2024-04-10 18:02:05.944178,0.7798167432271652
DefaultAug,ResNet50,zoom_blur_3,2024-04-10 18:02:08.277725,0.7183652801926534
DefaultAug,ResNet50,brightness_3,2024-04-10 18:12:09.695062,0.8868356552085853
DefaultAug,ResNet50,contrast_3,2024-04-10 18:12:12.919026,0.6584334788729664
DefaultAug,ResNet50,defocus_blur_3,2024-04-10 18:12:15.238214,0.8790604529068992
DefaultAug,ResNet50,elastic_3,2024-04-10 18:12:17.565758,0.8380247259709048
DefaultAug,ResNet50,fog_3,2024-04-10 18:12:19.897312,0.7921629645683695
DefaultAug,ResNet50,frost_3,2024-04-10 18:12:22.222397,0.7246913336127228
DefaultAug,ResNet50,frosted_glass_blur_3,2024-04-10 18:12:24.534283,0.7371586200035077
DefaultAug,ResNet50,gaussian_blur_3,2024-04-10 18:12:26.883995,0.8419040428604492
DefaultAug,ResNet50,gaussian_noise_3,2024-04-10 18:12:29.212150,0.6256264020124167
DefaultAug,ResNet50,impulse_noise_3,2024-04-10 18:12:31.527167,0.6125073205830799
DefaultAug,ResNet50,jpeg_compression_3,2024-04-10 18:12:33.844689,0.8474514063759846
DefaultAug,ResNet50,motion_blur_3,2024-04-10 18:12:36.156911,0.7580881905130985
DefaultAug,ResNet50,pixelate_3,2024-04-10 18:12:38.473086,0.8835214356828311
DefaultAug,ResNet50,saturate_3,2024-04-10 18:12:40.792386,0.8930784213251985
DefaultAug,ResNet50,shot_noise_3,2024-04-10 18:12:43.146487,0.6908265547967835
DefaultAug,ResNet50,snow_3,2024-04-10 18:12:45.463785,0.7531277656874852
DefaultAug,ResNet50,spatter_3,2024-04-10 18:12:47.782631,0.7314141641200946
DefaultAug,ResNet50,speckle_noise_3,2024-04-10 18:12:50.103438,0.7360781819297807
DefaultAug,ResNet50,zoom_blur_3,2024-04-10 18:12:52.424541,0.8188657459119953
DefaultAug,ResNet50,brightness_3,2024-04-10 18:20:14.262508,0.8692146328796447
DefaultAug,ResNet50,contrast_3,2024-04-10 18:20:16.599529,0.6089954398162909
DefaultAug,ResNet50,defocus_blur_3,2024-04-10 18:20:18.913444,0.8566854281170917
DefaultAug,ResNet50,elastic_3,2024-04-10 18:20:21.224000,0.8156110895298712
DefaultAug,ResNet50,fog_3,2024-04-10 18:20:23.531295,0.765898268897917
DefaultAug,ResNet50,frost_3,2024-04-10 18:20:25.839967,0.7290107085776805
DefaultAug,ResNet50,frosted_glass_blur_3,2024-04-10 18:20:28.156296,0.7764391498455157
DefaultAug,ResNet50,gaussian_blur_3,2024-04-10 18:20:30.479913,0.8105338882010831
DefaultAug,ResNet50,gaussian_noise_3,2024-04-10 18:20:32.798394,0.705990891999478
DefaultAug,ResNet50,impulse_noise_3,2024-04-10 18:20:35.131015,0.6863531886086649
DefaultAug,ResNet50,jpeg_compression_3,2024-04-10 18:20:37.448040,0.8566872785510938
DefaultAug,ResNet50,motion_blur_3,2024-04-10 18:20:39.771022,0.6839915504109083
DefaultAug,ResNet50,pixelate_3,2024-04-10 18:20:42.122114,0.8839555346756779
DefaultAug,ResNet50,saturate_3,2024-04-10 18:20:44.443706,0.8959401680716766
DefaultAug,ResNet50,shot_noise_3,2024-04-10 18:20:46.765481,0.765089572591562
DefaultAug,ResNet50,snow_3,2024-04-10 18:20:49.095700,0.7682754460771264
DefaultAug,ResNet50,spatter_3,2024-04-10 18:20:51.415956,0.7522705125761731
DefaultAug,ResNet50,speckle_noise_3,2024-04-10 18:20:53.740846,0.795479935669176
DefaultAug,ResNet50,zoom_blur_3,2024-04-10 18:20:56.052669,0.814660020423141
DefaultAug,ResNet50,brightness_3,2024-04-10 18:31:38.272183,0.8801221171774843
DefaultAug,ResNet50,contrast_3,2024-04-10 18:31:40.614148,0.6009830421995315
DefaultAug,ResNet50,defocus_blur_3,2024-04-10 18:31:42.925137,0.8533542608564643
DefaultAug,ResNet50,elastic_3,2024-04-10 18:31:45.241045,0.8089018774987334
DefaultAug,ResNet50,fog_3,2024-04-10 18:31:47.558571,0.7552180077273722
DefaultAug,ResNet50,frost_3,2024-04-10 18:31:49.879986,0.7337768430488547
DefaultAug,ResNet50,frosted_glass_blur_3,2024-04-10 18:31:52.204794,0.8064841274860438
DefaultAug,ResNet50,gaussian_blur_3,2024-04-10 18:31:54.502787,0.7969401771562741
DefaultAug,ResNet50,gaussian_noise_3,2024-04-10 18:31:56.824546,0.7785533745166907
DefaultAug,ResNet50,impulse_noise_3,2024-04-10 18:31:59.159736,0.7359510986959261
DefaultAug,ResNet50,jpeg_compression_3,2024-04-10 18:32:01.468368,0.8732829911161719
DefaultAug,ResNet50,motion_blur_3,2024-04-10 18:32:03.837548,0.6714723459804267
DefaultAug,ResNet50,pixelate_3,2024-04-10 18:32:06.158240,0.9039164519569562
DefaultAug,ResNet50,saturate_3,2024-04-10 18:32:08.484238,0.9209800251700332
DefaultAug,ResNet50,shot_noise_3,2024-04-10 18:32:10.798420,0.8398046769011591
DefaultAug,ResNet50,snow_3,2024-04-10 18:32:13.115307,0.7986696643119252
DefaultAug,ResNet50,spatter_3,2024-04-10 18:32:15.432686,0.8095346139982027
DefaultAug,ResNet50,speckle_noise_3,2024-04-10 18:32:17.766121,0.8632163113301041
DefaultAug,ResNet50,zoom_blur_3,2024-04-10 18:32:20.078642,0.7518616760797985
DefaultAug,ResNet50,brightness_3,2024-04-10 18:42:21.556525,0.9391598238083464
DefaultAug,ResNet50,contrast_3,2024-04-10 18:42:24.801228,0.6854170287509069
DefaultAug,ResNet50,defocus_blur_3,2024-04-10 18:42:27.121871,0.9338325049593342
DefaultAug,ResNet50,elastic_3,2024-04-10 18:42:29.435708,0.8851192162012385
DefaultAug,ResNet50,fog_3,2024-04-10 18:42:31.748693,0.851735381203081
DefaultAug,ResNet50,frost_3,2024-04-10 18:42:34.085842,0.8020925635083607
DefaultAug,ResNet50,frosted_glass_blur_3,2024-04-10 18:42:36.395215,0.7758933459776569
DefaultAug,ResNet50,gaussian_blur_3,2024-04-10 18:42:38.749103,0.8981908725270287
DefaultAug,ResNet50,gaussian_noise_3,2024-04-10 18:42:41.080799,0.7003987041067135
DefaultAug,ResNet50,impulse_noise_3,2024-04-10 18:42:43.376803,0.6759763095423448
DefaultAug,ResNet50,jpeg_compression_3,2024-04-10 18:42:45.689416,0.8850051464046184
DefaultAug,ResNet50,motion_blur_3,2024-04-10 18:42:48.008353,0.7998386740931942
DefaultAug,ResNet50,pixelate_3,2024-04-10 18:42:50.328887,0.9307352154494014
DefaultAug,ResNet50,saturate_3,2024-04-10 18:42:52.639709,0.9573880918912794
DefaultAug,ResNet50,shot_noise_3,2024-04-10 18:42:54.958122,0.7825173135635655
DefaultAug,ResNet50,snow_3,2024-04-10 18:42:57.274586,0.8155626781335806
DefaultAug,ResNet50,spatter_3,2024-04-10 18:42:59.640013,0.7968023687866085
DefaultAug,ResNet50,speckle_noise_3,2024-04-10 18:43:01.947018,0.8338991331792819
DefaultAug,ResNet50,zoom_blur_3,2024-04-10 18:43:04.256526,0.8745566676743664
DefaultAug+S&P,ResNet50,brightness_3,2024-04-10 19:08:09.188356,0.9003766059188649
DefaultAug+S&P,ResNet50,contrast_3,2024-04-10 19:08:11.507611,0.5731424096354139
DefaultAug+S&P,ResNet50,defocus_blur_3,2024-04-10 19:08:13.836050,0.9041137868243564
DefaultAug+S&P,ResNet50,elastic_3,2024-04-10 19:08:16.150435,0.8643275732886201
DefaultAug+S&P,ResNet50,fog_3,2024-04-10 19:08:18.473651,0.7748382995297007
DefaultAug+S&P,ResNet50,frost_3,2024-04-10 19:08:20.800747,0.8136299383245879
DefaultAug+S&P,ResNet50,frosted_glass_blur_3,2024-04-10 19:08:23.128944,0.8526120106555984
DefaultAug+S&P,ResNet50,gaussian_blur_3,2024-04-10 19:08:25.497006,0.8824462525508171
DefaultAug+S&P,ResNet50,gaussian_noise_3,2024-04-10 19:08:27.820541,0.8798422505162854
DefaultAug+S&P,ResNet50,impulse_noise_3,2024-04-10 19:08:30.141427,0.8432251504903585
DefaultAug+S&P,ResNet50,jpeg_compression_3,2024-04-10 19:08:32.458361,0.8944330399308689
DefaultAug+S&P,ResNet50,motion_blur_3,2024-04-10 19:08:34.778375,0.8086349259818888
DefaultAug+S&P,ResNet50,pixelate_3,2024-04-10 19:08:37.105306,0.9172851523309058
DefaultAug+S&P,ResNet50,saturate_3,2024-04-10 19:08:39.433341,0.9130393318842313
DefaultAug+S&P,ResNet50,shot_noise_3,2024-04-10 19:08:41.745616,0.8979506025710184
DefaultAug+S&P,ResNet50,snow_3,2024-04-10 19:08:44.070910,0.8158200389952853
DefaultAug+S&P,ResNet50,spatter_3,2024-04-10 19:08:46.380668,0.8096075605378121
DefaultAug+S&P,ResNet50,speckle_noise_3,2024-04-10 19:08:48.714779,0.9036278518755128
DefaultAug+S&P,ResNet50,zoom_blur_3,2024-04-10 19:08:51.057383,0.872649378957265
DefaultAug+S&P,ResNet50,brightness_3,2024-04-10 19:16:53.465859,0.8998353920945961
DefaultAug+S&P,ResNet50,contrast_3,2024-04-10 19:16:56.747732,0.5602380228681823
DefaultAug+S&P,ResNet50,defocus_blur_3,2024-04-10 19:16:59.086446,0.9102926202901348
DefaultAug+S&P,ResNet50,elastic_3,2024-04-10 19:17:01.413952,0.8719151689847064
DefaultAug+S&P,ResNet50,fog_3,2024-04-10 19:17:03.738905,0.7613009538707662
DefaultAug+S&P,ResNet50,frost_3,2024-04-10 19:17:06.067567,0.8037267437144815
DefaultAug+S&P,ResNet50,frosted_glass_blur_3,2024-04-10 19:17:08.371412,0.8835139077255219
DefaultAug+S&P,ResNet50,gaussian_blur_3,2024-04-10 19:17:10.698318,0.8897473741623634
DefaultAug+S&P,ResNet50,gaussian_noise_3,2024-04-10 19:17:13.014539,0.9124136028235053
DefaultAug+S&P,ResNet50,impulse_noise_3,2024-04-10 19:17:15.342770,0.8960299282775812
DefaultAug+S&P,ResNet50,jpeg_compression_3,2024-04-10 19:17:17.678031,0.9107005505034008
DefaultAug+S&P,ResNet50,motion_blur_3,2024-04-10 19:17:20.000131,0.8168311993651592
DefaultAug+S&P,ResNet50,pixelate_3,2024-04-10 19:17:22.331463,0.9201344193733888
DefaultAug+S&P,ResNet50,saturate_3,2024-04-10 19:17:24.671790,0.9138076956631864
DefaultAug+S&P,ResNet50,shot_noise_3,2024-04-10 19:17:27.006694,0.9180277625793758
DefaultAug+S&P,ResNet50,snow_3,2024-04-10 19:17:29.548713,0.817573327515546
DefaultAug+S&P,ResNet50,spatter_3,2024-04-10 19:17:31.868869,0.8258002846515909
DefaultAug+S&P,ResNet50,speckle_noise_3,2024-04-10 19:17:34.201707,0.9209934320538744
DefaultAug+S&P,ResNet50,zoom_blur_3,2024-04-10 19:17:36.515815,0.8826040966520194
DefaultAug+S&P,ResNet50,brightness_3,2024-04-10 19:26:18.741061,0.9042349921480836
DefaultAug+S&P,ResNet50,contrast_3,2024-04-10 19:26:21.090060,0.6189266954933965
DefaultAug+S&P,ResNet50,defocus_blur_3,2024-04-10 19:26:23.412928,0.9191657993281168
DefaultAug+S&P,ResNet50,elastic_3,2024-04-10 19:26:25.740646,0.881683185023426
DefaultAug+S&P,ResNet50,fog_3,2024-04-10 19:26:28.049565,0.7877231333226481
DefaultAug+S&P,ResNet50,frost_3,2024-04-10 19:26:30.373872,0.8302495132817702
DefaultAug+S&P,ResNet50,frosted_glass_blur_3,2024-04-10 19:26:32.699151,0.8987618925687124
DefaultAug+S&P,ResNet50,gaussian_blur_3,2024-04-10 19:26:35.012951,0.9037091106252564
DefaultAug+S&P,ResNet50,gaussian_noise_3,2024-04-10 19:26:37.320921,0.9064264892245268
DefaultAug+S&P,ResNet50,impulse_noise_3,2024-04-10 19:26:39.645931,0.8956325669432644
DefaultAug+S&P,ResNet50,jpeg_compression_3,2024-04-10 19:26:41.981623,0.9126554386414448
DefaultAug+S&P,ResNet50,motion_blur_3,2024-04-10 19:26:44.305106,0.829017488591469
DefaultAug+S&P,ResNet50,pixelate_3,2024-04-10 19:26:46.630517,0.9267445807539312
DefaultAug+S&P,ResNet50,saturate_3,2024-04-10 19:26:48.944929,0.8948965429940868
DefaultAug+S&P,ResNet50,shot_noise_3,2024-04-10 19:26:51.278181,0.9159709288391266
DefaultAug+S&P,ResNet50,snow_3,2024-04-10 19:26:53.598263,0.8433873267848995
DefaultAug+S&P,ResNet50,spatter_3,2024-04-10 19:26:55.917677,0.8191549733898906
DefaultAug+S&P,ResNet50,speckle_noise_3,2024-04-10 19:26:58.245049,0.9186313423916912
DefaultAug+S&P,ResNet50,zoom_blur_3,2024-04-10 19:27:00.552027,0.9011434653944506
DefaultAug+S&P,ResNet50,brightness_3,2024-04-10 19:35:42.634506,0.9134799143462388
DefaultAug+S&P,ResNet50,contrast_3,2024-04-10 19:35:44.957002,0.5570697317988199
DefaultAug+S&P,ResNet50,defocus_blur_3,2024-04-10 19:35:47.275971,0.9243088344115163
DefaultAug+S&P,ResNet50,elastic_3,2024-04-10 19:35:49.599323,0.8856322038262145
DefaultAug+S&P,ResNet50,fog_3,2024-04-10 19:35:51.916453,0.7476840702952304
DefaultAug+S&P,ResNet50,frost_3,2024-04-10 19:35:54.240325,0.8076483878624418
DefaultAug+S&P,ResNet50,frosted_glass_blur_3,2024-04-10 19:35:56.555687,0.9050589857963528
DefaultAug+S&P,ResNet50,gaussian_blur_3,2024-04-10 19:35:58.868679,0.9043416773080796
DefaultAug+S&P,ResNet50,gaussian_noise_3,2024-04-10 19:36:01.199265,0.916816024465511
DefaultAug+S&P,ResNet50,impulse_noise_3,2024-04-10 19:36:03.513495,0.9054704667610224
DefaultAug+S&P,ResNet50,jpeg_compression_3,2024-04-10 19:36:05.824562,0.9229885293117688
DefaultAug+S&P,ResNet50,motion_blur_3,2024-04-10 19:36:08.144110,0.820093564846284
DefaultAug+S&P,ResNet50,pixelate_3,2024-04-10 19:36:10.501936,0.9355785838792656
DefaultAug+S&P,ResNet50,saturate_3,2024-04-10 19:36:12.816864,0.9177971341329676
DefaultAug+S&P,ResNet50,shot_noise_3,2024-04-10 19:36:15.141650,0.9295510499275756
DefaultAug+S&P,ResNet50,snow_3,2024-04-10 19:36:17.457981,0.838980152135797
DefaultAug+S&P,ResNet50,spatter_3,2024-04-10 19:36:19.769722,0.8327648070944133
DefaultAug+S&P,ResNet50,speckle_noise_3,2024-04-10 19:36:22.109519,0.9323183494651144
DefaultAug+S&P,ResNet50,zoom_blur_3,2024-04-10 19:36:24.419258,0.9094035862658216
DefaultAug+S&P,ResNet50,brightness_3,2024-04-10 19:45:06.526869,0.9231771387824038
DefaultAug+S&P,ResNet50,contrast_3,2024-04-10 19:45:09.786207,0.5457538408970999
DefaultAug+S&P,ResNet50,defocus_blur_3,2024-04-10 19:45:12.115777,0.9326382354329082
DefaultAug+S&P,ResNet50,elastic_3,2024-04-10 19:45:14.461467,0.892650429003686
DefaultAug+S&P,ResNet50,fog_3,2024-04-10 19:45:16.775404,0.7665127103845244
DefaultAug+S&P,ResNet50,frost_3,2024-04-10 19:45:19.097251,0.8299577867324739
DefaultAug+S&P,ResNet50,frosted_glass_blur_3,2024-04-10 19:45:21.425054,0.9039327657025475
DefaultAug+S&P,ResNet50,gaussian_blur_3,2024-04-10 19:45:23.743233,0.91612941880479
DefaultAug+S&P,ResNet50,gaussian_noise_3,2024-04-10 19:45:26.077741,0.9161701637210552
DefaultAug+S&P,ResNet50,impulse_noise_3,2024-04-10 19:45:28.401285,0.9032200529019444
DefaultAug+S&P,ResNet50,jpeg_compression_3,2024-04-10 19:45:30.726100,0.9235160753945464
DefaultAug+S&P,ResNet50,motion_blur_3,2024-04-10 19:45:33.045587,0.8309477054142613
DefaultAug+S&P,ResNet50,pixelate_3,2024-04-10 19:45:35.372486,0.9376848803827038
DefaultAug+S&P,ResNet50,saturate_3,2024-04-10 19:45:37.700844,0.932486452148494
DefaultAug+S&P,ResNet50,shot_noise_3,2024-04-10 19:45:40.028169,0.9269660392405288
DefaultAug+S&P,ResNet50,snow_3,2024-04-10 19:45:42.356521,0.8487834361437978
DefaultAug+S&P,ResNet50,spatter_3,2024-04-10 19:45:44.682558,0.8254656663314259
DefaultAug+S&P,ResNet50,speckle_noise_3,2024-04-10 19:45:47.029740,0.9329093042905124
DefaultAug+S&P,ResNet50,zoom_blur_3,2024-04-10 19:45:49.357928,0.9117147753237392
Baseline,Xception,brightness_3,2024-04-10 20:25:18.780320,0.6975805397964174
Baseline,Xception,contrast_3,2024-04-10 20:25:22.264252,0.4096649683320323
Baseline,Xception,defocus_blur_3,2024-04-10 20:25:24.792822,0.6022843489012498
Baseline,Xception,elastic_3,2024-04-10 20:25:27.302361,0.5711557301691609
Baseline,Xception,fog_3,2024-04-10 20:25:29.836066,0.5750178383142506
Baseline,Xception,frost_3,2024-04-10 20:25:32.358228,0.4957516049815331
Baseline,Xception,frosted_glass_blur_3,2024-04-10 20:25:34.882839,0.5089116536959533
Baseline,Xception,gaussian_blur_3,2024-04-10 20:25:37.412884,0.5098603049441989
Baseline,Xception,gaussian_noise_3,2024-04-10 20:25:39.949680,0.3901583593747912
Baseline,Xception,impulse_noise_3,2024-04-10 20:25:42.640444,0.4015415263985546
Baseline,Xception,jpeg_compression_3,2024-04-10 20:25:45.157382,0.6791429324986271
Baseline,Xception,motion_blur_3,2024-04-10 20:25:47.671199,0.4291295747983542
Baseline,Xception,pixelate_3,2024-04-10 20:25:50.217987,0.7085610499565658
Baseline,Xception,saturate_3,2024-04-10 20:25:52.744006,0.7385764846694512
Baseline,Xception,shot_noise_3,2024-04-10 20:25:55.262151,0.4946306129129052
Baseline,Xception,snow_3,2024-04-10 20:25:57.798285,0.5667966826056404
Baseline,Xception,spatter_3,2024-04-10 20:26:00.322255,0.5601962862182824
Baseline,Xception,speckle_noise_3,2024-04-10 20:26:02.876287,0.554737437624212
Baseline,Xception,zoom_blur_3,2024-04-10 20:26:05.444222,0.5002206144766925
Baseline,Xception,brightness_3,2024-04-10 20:48:08.626145,0.9399135110780902
Baseline,Xception,contrast_3,2024-04-10 20:48:11.173569,0.6832538046789383
Baseline,Xception,defocus_blur_3,2024-04-10 20:48:13.750441,0.8787792670211513
Baseline,Xception,elastic_3,2024-04-10 20:48:16.291918,0.8113780590494567
Baseline,Xception,fog_3,2024-04-10 20:48:18.829346,0.8493451378106609
Baseline,Xception,frost_3,2024-04-10 20:48:21.366615,0.7352762319549028
Baseline,Xception,frosted_glass_blur_3,2024-04-10 20:48:23.914157,0.6125776141685182
Baseline,Xception,gaussian_blur_3,2024-04-10 20:48:26.466113,0.7749762097277771
Baseline,Xception,gaussian_noise_3,2024-04-10 20:48:29.012624,0.629619743330057
Baseline,Xception,impulse_noise_3,2024-04-10 20:48:31.546555,0.6790385902656302
Baseline,Xception,jpeg_compression_3,2024-04-10 20:48:34.095653,0.8495090955308168
Baseline,Xception,motion_blur_3,2024-04-10 20:48:36.626617,0.6830595823836069
Baseline,Xception,pixelate_3,2024-04-10 20:48:39.158849,0.8503511472056046
Baseline,Xception,saturate_3,2024-04-10 20:48:41.702662,0.9491874110213792
Baseline,Xception,shot_noise_3,2024-04-10 20:48:44.246783,0.7067663715259023
Baseline,Xception,snow_3,2024-04-10 20:48:46.799424,0.7815662222766935
Baseline,Xception,spatter_3,2024-04-10 20:48:49.341358,0.7909129089732134
Baseline,Xception,speckle_noise_3,2024-04-10 20:48:51.862787,0.7623028058937275
Baseline,Xception,zoom_blur_3,2024-04-10 20:48:54.398358,0.7508933121574297
Baseline,Xception,brightness_3,2024-04-10 20:58:05.907960,0.9424713831450964
Baseline,Xception,contrast_3,2024-04-10 20:58:08.462424,0.6153774012282764
Baseline,Xception,defocus_blur_3,2024-04-10 20:58:11.004576,0.8413680224653671
Baseline,Xception,elastic_3,2024-04-10 20:58:13.550388,0.7862895115668667
Baseline,Xception,fog_3,2024-04-10 20:58:16.099639,0.8179782343656397
Baseline,Xception,frost_3,2024-04-10 20:58:18.660818,0.7425367347308646
Baseline,Xception,frosted_glass_blur_3,2024-04-10 20:58:21.217285,0.6182055557687811
Baseline,Xception,gaussian_blur_3,2024-04-10 20:58:23.771085,0.7305650303339799
Baseline,Xception,gaussian_noise_3,2024-04-10 20:58:26.317050,0.5583524958032087
Baseline,Xception,impulse_noise_3,2024-04-10 20:58:28.864405,0.6265311692083543
Baseline,Xception,jpeg_compression_3,2024-04-10 20:58:31.416115,0.8375386819655984
Baseline,Xception,motion_blur_3,2024-04-10 20:58:33.971730,0.6881382563012303
Baseline,Xception,pixelate_3,2024-04-10 20:58:36.526004,0.85264965080847
Baseline,Xception,saturate_3,2024-04-10 20:58:39.074292,0.9559396134651096
Baseline,Xception,shot_noise_3,2024-04-10 20:58:41.624615,0.6569304742388262
Baseline,Xception,snow_3,2024-04-10 20:58:44.170312,0.7637049975668523
Baseline,Xception,spatter_3,2024-04-10 20:58:46.727243,0.7647841968186103
Baseline,Xception,speckle_noise_3,2024-04-10 20:58:49.278216,0.7170777555489093
Baseline,Xception,zoom_blur_3,2024-04-10 20:58:51.824714,0.7066072470473412
Baseline,Xception,brightness_3,2024-04-10 21:07:46.341109,0.944324033144336
Baseline,Xception,contrast_3,2024-04-10 21:07:48.879508,0.7067446963751516
Baseline,Xception,defocus_blur_3,2024-04-10 21:07:51.428555,0.8635422520303033
Baseline,Xception,elastic_3,2024-04-10 21:07:53.978930,0.8014965041894333
Baseline,Xception,fog_3,2024-04-10 21:07:56.580012,0.8620051655110043
Baseline,Xception,frost_3,2024-04-10 21:07:59.114843,0.7434524703617991
Baseline,Xception,frosted_glass_blur_3,2024-04-10 21:08:01.679721,0.6571268664973767
Baseline,Xception,gaussian_blur_3,2024-04-10 21:08:04.226386,0.7603414914169238
Baseline,Xception,gaussian_noise_3,2024-04-10 21:08:06.772115,0.6266933262085258
Baseline,Xception,impulse_noise_3,2024-04-10 21:08:09.307682,0.6450867049309694
Baseline,Xception,jpeg_compression_3,2024-04-10 21:08:11.853142,0.8471062969748597
Baseline,Xception,motion_blur_3,2024-04-10 21:08:14.399379,0.6647702025388986
Baseline,Xception,pixelate_3,2024-04-10 21:08:16.935291,0.8585784529490457
Baseline,Xception,saturate_3,2024-04-10 21:08:19.465097,0.949851748694601
Baseline,Xception,shot_noise_3,2024-04-10 21:08:21.999264,0.7152602371415637
Baseline,Xception,snow_3,2024-04-10 21:08:24.537546,0.7934789837114946
Baseline,Xception,spatter_3,2024-04-10 21:08:27.076579,0.7627368641911216
Baseline,Xception,speckle_noise_3,2024-04-10 21:08:29.607812,0.7806193214240794
Baseline,Xception,zoom_blur_3,2024-04-10 21:08:32.142260,0.7542308459293292
Baseline,Xception,brightness_3,2024-04-10 21:18:35.696249,0.9558201812675154
Baseline,Xception,contrast_3,2024-04-10 21:18:38.377665,0.6586086216250566
Baseline,Xception,defocus_blur_3,2024-04-10 21:18:41.052032,0.8823153800618708
Baseline,Xception,elastic_3,2024-04-10 21:18:43.760651,0.8135938829743324
Baseline,Xception,fog_3,2024-04-10 21:18:46.433574,0.8427958862114189
Baseline,Xception,frost_3,2024-04-10 21:18:49.125821,0.7116921274484179
Baseline,Xception,frosted_glass_blur_3,2024-04-10 21:18:51.801918,0.6277326397249314
Baseline,Xception,gaussian_blur_3,2024-04-10 21:18:54.498879,0.7668714500691265
Baseline,Xception,gaussian_noise_3,2024-04-10 21:18:57.184094,0.6532872928571051
Baseline,Xception,impulse_noise_3,2024-04-10 21:18:59.865726,0.6723032589763935
Baseline,Xception,jpeg_compression_3,2024-04-10 21:19:02.580588,0.8720230186225886
Baseline,Xception,motion_blur_3,2024-04-10 21:19:05.277075,0.6649886174063481
Baseline,Xception,pixelate_3,2024-04-10 21:19:07.977598,0.8660611086576848
Baseline,Xception,saturate_3,2024-04-10 21:19:10.637588,0.9775709365244604
Baseline,Xception,shot_noise_3,2024-04-10 21:19:13.305207,0.7384299425901151
Baseline,Xception,snow_3,2024-04-10 21:19:16.003708,0.7965252316884281
Baseline,Xception,spatter_3,2024-04-10 21:19:18.693174,0.801642273583731
Baseline,Xception,speckle_noise_3,2024-04-10 21:19:21.375025,0.7970369626220907
Baseline,Xception,zoom_blur_3,2024-04-10 21:19:24.050774,0.7613279329004803
Salt&Pepper,Xception,brightness_3,2024-04-10 21:32:26.829959,0.8078652162209373
Salt&Pepper,Xception,contrast_3,2024-04-10 21:32:30.370040,0.5419692907284721
Salt&Pepper,Xception,defocus_blur_3,2024-04-10 21:32:33.023872,0.821189061785879
Salt&Pepper,Xception,elastic_3,2024-04-10 21:32:35.660130,0.7636609903898468
Salt&Pepper,Xception,fog_3,2024-04-10 21:32:38.300975,0.6843540961597308
Salt&Pepper,Xception,frost_3,2024-04-10 21:32:41.005394,0.7264263316749806
Salt&Pepper,Xception,frosted_glass_blur_3,2024-04-10 21:32:43.662077,0.7889619489521801
Salt&Pepper,Xception,gaussian_blur_3,2024-04-10 21:32:46.299031,0.8013255661086223
Salt&Pepper,Xception,gaussian_noise_3,2024-04-10 21:32:48.958383,0.8073513524311998
Salt&Pepper,Xception,impulse_noise_3,2024-04-10 21:32:51.611827,0.8053474406862012
Salt&Pepper,Xception,jpeg_compression_3,2024-04-10 21:32:54.266767,0.8259021959256587
Salt&Pepper,Xception,motion_blur_3,2024-04-10 21:32:56.917003,0.6803544748044609
Salt&Pepper,Xception,pixelate_3,2024-04-10 21:32:59.572473,0.8337949081050215
Salt&Pepper,Xception,saturate_3,2024-04-10 21:33:02.211217,0.8039922359852472
Salt&Pepper,Xception,shot_noise_3,2024-04-10 21:33:04.867445,0.8198705199995372
Salt&Pepper,Xception,snow_3,2024-04-10 21:33:07.524244,0.7573631745138549
Salt&Pepper,Xception,spatter_3,2024-04-10 21:33:10.185260,0.728296804879587
Salt&Pepper,Xception,speckle_noise_3,2024-04-10 21:33:12.836524,0.8223386631619022
Salt&Pepper,Xception,zoom_blur_3,2024-04-10 21:33:15.520185,0.7783510051234499
Salt&Pepper,Xception,brightness_3,2024-04-10 21:42:41.748441,0.8103970970975114
Salt&Pepper,Xception,contrast_3,2024-04-10 21:42:45.537831,0.4617840330367662
Salt&Pepper,Xception,defocus_blur_3,2024-04-10 21:42:48.191808,0.8253499972539412
Salt&Pepper,Xception,elastic_3,2024-04-10 21:42:50.837000,0.7678822773713803
Salt&Pepper,Xception,fog_3,2024-04-10 21:42:53.491996,0.6572569165803189
Salt&Pepper,Xception,frost_3,2024-04-10 21:42:56.151495,0.6828247982704191
Salt&Pepper,Xception,frosted_glass_blur_3,2024-04-10 21:42:58.800823,0.7910141387833266
Salt&Pepper,Xception,gaussian_blur_3,2024-04-10 21:43:01.455350,0.7953262984107787
Salt&Pepper,Xception,gaussian_noise_3,2024-04-10 21:43:04.095796,0.8200745536609167
Salt&Pepper,Xception,impulse_noise_3,2024-04-10 21:43:06.753562,0.822034744268169
Salt&Pepper,Xception,jpeg_compression_3,2024-04-10 21:43:09.410084,0.8400332511968666
Salt&Pepper,Xception,motion_blur_3,2024-04-10 21:43:12.060935,0.6647387632263169
Salt&Pepper,Xception,pixelate_3,2024-04-10 21:43:14.713260,0.8472992334879871
Salt&Pepper,Xception,saturate_3,2024-04-10 21:43:17.368312,0.8305196632715607
Salt&Pepper,Xception,shot_noise_3,2024-04-10 21:43:20.035767,0.8358137261400476
Salt&Pepper,Xception,snow_3,2024-04-10 21:43:22.671082,0.7591754964340935
Salt&Pepper,Xception,spatter_3,2024-04-10 21:43:25.328472,0.7440882702441673
Salt&Pepper,Xception,speckle_noise_3,2024-04-10 21:43:27.995614,0.8420265184564393
Salt&Pepper,Xception,zoom_blur_3,2024-04-10 21:43:30.652145,0.7804907080140515
Salt&Pepper,Xception,brightness_3,2024-04-10 21:54:40.740493,0.9024450637724678
Salt&Pepper,Xception,contrast_3,2024-04-10 21:54:43.415688,0.6400059016587446
Salt&Pepper,Xception,defocus_blur_3,2024-04-10 21:54:46.094220,0.9030031029445408
Salt&Pepper,Xception,elastic_3,2024-04-10 21:54:48.763858,0.8365947710182899
Salt&Pepper,Xception,fog_3,2024-04-10 21:54:51.414242,0.7703639329957401
Salt&Pepper,Xception,frost_3,2024-04-10 21:54:54.069364,0.8204337883254794
Salt&Pepper,Xception,frosted_glass_blur_3,2024-04-10 21:54:56.766434,0.870778291612597
Salt&Pepper,Xception,gaussian_blur_3,2024-04-10 21:54:59.423864,0.8759275418402173
Salt&Pepper,Xception,gaussian_noise_3,2024-04-10 21:55:02.101626,0.8819563054759472
Salt&Pepper,Xception,impulse_noise_3,2024-04-10 21:55:04.768205,0.887806980544732
Salt&Pepper,Xception,jpeg_compression_3,2024-04-10 21:55:07.411603,0.9050353455467552
Salt&Pepper,Xception,motion_blur_3,2024-04-10 21:55:10.050022,0.7617039961655985
Salt&Pepper,Xception,pixelate_3,2024-04-10 21:55:12.717563,0.9138901336009682
Salt&Pepper,Xception,saturate_3,2024-04-10 21:55:15.372193,0.8883343797505457
Salt&Pepper,Xception,shot_noise_3,2024-04-10 21:55:18.049533,0.901335034533884
Salt&Pepper,Xception,snow_3,2024-04-10 21:55:20.727592,0.8281369329981508
Salt&Pepper,Xception,spatter_3,2024-04-10 21:55:23.403692,0.8063184639617141
Salt&Pepper,Xception,speckle_noise_3,2024-04-10 21:55:26.051662,0.9040644567835592
Salt&Pepper,Xception,zoom_blur_3,2024-04-10 21:55:28.710875,0.8552673870405471
Salt&Pepper,Xception,brightness_3,2024-04-10 22:05:34.687626,0.9087701809563392
Salt&Pepper,Xception,contrast_3,2024-04-10 22:05:37.263525,0.5253979815495154
Salt&Pepper,Xception,defocus_blur_3,2024-04-10 22:05:40.044415,0.9072415873191332
Salt&Pepper,Xception,elastic_3,2024-04-10 22:05:42.573533,0.8369326916405756
Salt&Pepper,Xception,fog_3,2024-04-10 22:05:45.093252,0.7101435493913997
Salt&Pepper,Xception,frost_3,2024-04-10 22:05:47.615143,0.7603508233133216
Salt&Pepper,Xception,frosted_glass_blur_3,2024-04-10 22:05:50.122196,0.8685565746103284
Salt&Pepper,Xception,gaussian_blur_3,2024-04-10 22:05:52.647841,0.8632817346755987
Salt&Pepper,Xception,gaussian_noise_3,2024-04-10 22:05:55.176029,0.9267623595015992
Salt&Pepper,Xception,impulse_noise_3,2024-04-10 22:05:57.729018,0.9284567910706436
Salt&Pepper,Xception,jpeg_compression_3,2024-04-10 22:06:00.265786,0.9396890227175168
Salt&Pepper,Xception,motion_blur_3,2024-04-10 22:06:02.781214,0.75715622590216
Salt&Pepper,Xception,pixelate_3,2024-04-10 22:06:05.306597,0.9398268640439358
Salt&Pepper,Xception,saturate_3,2024-04-10 22:06:07.816377,0.9330004311144312
Salt&Pepper,Xception,shot_noise_3,2024-04-10 22:06:10.347061,0.9368558056667282
Salt&Pepper,Xception,snow_3,2024-04-10 22:06:12.862326,0.8504400394626355
Salt&Pepper,Xception,spatter_3,2024-04-10 22:06:15.377192,0.8597446517216623
Salt&Pepper,Xception,speckle_noise_3,2024-04-10 22:06:17.908275,0.9444352029663372
Salt&Pepper,Xception,zoom_blur_3,2024-04-10 22:06:20.451991,0.8413822675935588
Salt&Pepper,Xception,brightness_3,2024-04-10 22:15:23.613559,0.9135294208191592
Salt&Pepper,Xception,contrast_3,2024-04-10 22:15:27.062272,0.5681473137213937
Salt&Pepper,Xception,defocus_blur_3,2024-04-10 22:15:29.580729,0.9322066604332953
Salt&Pepper,Xception,elastic_3,2024-04-10 22:15:32.091963,0.866695618152006
Salt&Pepper,Xception,fog_3,2024-04-10 22:15:34.614346,0.768455226020589
Salt&Pepper,Xception,frost_3,2024-04-10 22:15:37.119175,0.7716078169176218
Salt&Pepper,Xception,frosted_glass_blur_3,2024-04-10 22:15:39.636275,0.8998799427764184
Salt&Pepper,Xception,gaussian_blur_3,2024-04-10 22:15:42.199706,0.903332904835802
Salt&Pepper,Xception,gaussian_noise_3,2024-04-10 22:15:44.723345,0.9190239195295
Salt&Pepper,Xception,impulse_noise_3,2024-04-10 22:15:47.237575,0.9129261276083096
Salt&Pepper,Xception,jpeg_compression_3,2024-04-10 22:15:49.763293,0.9325004872035556
Salt&Pepper,Xception,motion_blur_3,2024-04-10 22:15:52.275747,0.7748130283706894
Salt&Pepper,Xception,pixelate_3,2024-04-10 22:15:54.794122,0.9422896096196218
Salt&Pepper,Xception,saturate_3,2024-04-10 22:15:57.312902,0.9075996254884148
Salt&Pepper,Xception,shot_noise_3,2024-04-10 22:15:59.830199,0.9329120371203844
Salt&Pepper,Xception,snow_3,2024-04-10 22:16:02.353590,0.8613895011240496
Salt&Pepper,Xception,spatter_3,2024-04-10 22:16:04.875727,0.8323865239590388
Salt&Pepper,Xception,speckle_noise_3,2024-04-10 22:16:07.394010,0.9374360835617906
Salt&Pepper,Xception,zoom_blur_3,2024-04-10 22:16:09.911867,0.8865410473545987
DefaultAug,Xception,brightness_3,2024-04-10 22:41:06.705910,0.9292077998859634
DefaultAug,Xception,contrast_3,2024-04-10 22:41:09.240920,0.769216706951469
DefaultAug,Xception,defocus_blur_3,2024-04-10 22:41:11.774400,0.9306791543876628
DefaultAug,Xception,elastic_3,2024-04-10 22:41:14.302959,0.889235726192554
DefaultAug,Xception,fog_3,2024-04-10 22:41:16.850326,0.8792259269034227
DefaultAug,Xception,frost_3,2024-04-10 22:41:19.384865,0.7267871381281767
DefaultAug,Xception,frosted_glass_blur_3,2024-04-10 22:41:21.901872,0.5833519108259175
DefaultAug,Xception,gaussian_blur_3,2024-04-10 22:41:24.424424,0.8890930675865079
DefaultAug,Xception,gaussian_noise_3,2024-04-10 22:41:26.961839,0.4664627914692744
DefaultAug,Xception,impulse_noise_3,2024-04-10 22:41:29.493753,0.6184741505441005
DefaultAug,Xception,jpeg_compression_3,2024-04-10 22:41:32.052100,0.8153761029825599
DefaultAug,Xception,motion_blur_3,2024-04-10 22:41:34.581968,0.7912071956384921
DefaultAug,Xception,pixelate_3,2024-04-10 22:41:37.118798,0.8700868449698653
DefaultAug,Xception,saturate_3,2024-04-10 22:41:39.664432,0.942038027001723
DefaultAug,Xception,shot_noise_3,2024-04-10 22:41:42.197804,0.5839096659532419
DefaultAug,Xception,snow_3,2024-04-10 22:41:44.724523,0.7802429259847077
DefaultAug,Xception,spatter_3,2024-04-10 22:41:47.251221,0.78572284281137
DefaultAug,Xception,speckle_noise_3,2024-04-10 22:41:49.770178,0.6603687687283717
DefaultAug,Xception,zoom_blur_3,2024-04-10 22:41:52.297424,0.8626075938780113
DefaultAug,Xception,brightness_3,2024-04-10 22:50:56.882739,0.93715391535007
DefaultAug,Xception,contrast_3,2024-04-10 22:50:59.406490,0.7601417020749535
DefaultAug,Xception,defocus_blur_3,2024-04-10 22:51:01.944560,0.9339863148916132
DefaultAug,Xception,elastic_3,2024-04-10 22:51:04.489304,0.8947899030353929
DefaultAug,Xception,fog_3,2024-04-10 22:51:07.007464,0.883476779360499
DefaultAug,Xception,frost_3,2024-04-10 22:51:09.538120,0.7039025160411387
DefaultAug,Xception,frosted_glass_blur_3,2024-04-10 22:51:12.077236,0.5948552446122772
DefaultAug,Xception,gaussian_blur_3,2024-04-10 22:51:14.610840,0.8900693975767086
DefaultAug,Xception,gaussian_noise_3,2024-04-10 22:51:17.143030,0.4854320332799143
DefaultAug,Xception,impulse_noise_3,2024-04-10 22:51:19.666201,0.6194767729103106
DefaultAug,Xception,jpeg_compression_3,2024-04-10 22:51:22.193998,0.8129256359967305
DefaultAug,Xception,motion_blur_3,2024-04-10 22:51:24.724394,0.7656720374657758
DefaultAug,Xception,pixelate_3,2024-04-10 22:51:27.254440,0.8792583175075055
DefaultAug,Xception,saturate_3,2024-04-10 22:51:29.783982,0.9416914461368802
DefaultAug,Xception,shot_noise_3,2024-04-10 22:51:32.314134,0.5679706641688832
DefaultAug,Xception,snow_3,2024-04-10 22:51:34.830765,0.7665424456456559
DefaultAug,Xception,spatter_3,2024-04-10 22:51:37.361944,0.7727534210631972
DefaultAug,Xception,speckle_noise_3,2024-04-10 22:51:39.901596,0.6304192471127906
DefaultAug,Xception,zoom_blur_3,2024-04-10 22:51:42.427889,0.8679177927223355
DefaultAug,Xception,brightness_3,2024-04-10 23:00:46.601815,0.9242635734462552
DefaultAug,Xception,contrast_3,2024-04-10 23:00:49.139292,0.821522919191187
DefaultAug,Xception,defocus_blur_3,2024-04-10 23:00:51.669841,0.9441999934036212
DefaultAug,Xception,elastic_3,2024-04-10 23:00:54.202332,0.9008884988148722
DefaultAug,Xception,fog_3,2024-04-10 23:00:56.720705,0.9024995777508092
DefaultAug,Xception,frost_3,2024-04-10 23:00:59.251655,0.7306593474338395
DefaultAug,Xception,frosted_glass_blur_3,2024-04-10 23:01:01.776212,0.6088366167442097
DefaultAug,Xception,gaussian_blur_3,2024-04-10 23:01:04.307063,0.9221801007435392
DefaultAug,Xception,gaussian_noise_3,2024-04-10 23:01:06.832324,0.4821461827777319
DefaultAug,Xception,impulse_noise_3,2024-04-10 23:01:09.358418,0.6122392638163481
DefaultAug,Xception,jpeg_compression_3,2024-04-10 23:01:11.903280,0.8073963480129318
DefaultAug,Xception,motion_blur_3,2024-04-10 23:01:14.415336,0.8217011619094601
DefaultAug,Xception,pixelate_3,2024-04-10 23:01:16.995075,0.8285344513231709
DefaultAug,Xception,saturate_3,2024-04-10 23:01:19.521961,0.9272250083236192
DefaultAug,Xception,shot_noise_3,2024-04-10 23:01:22.270047,0.5750921837751721
DefaultAug,Xception,snow_3,2024-04-10 23:01:24.808469,0.7736053603113857
DefaultAug,Xception,spatter_3,2024-04-10 23:01:27.352823,0.7748868349600293
DefaultAug,Xception,speckle_noise_3,2024-04-10 23:01:29.890524,0.6398567729515802
DefaultAug,Xception,zoom_blur_3,2024-04-10 23:01:32.427935,0.8856030740634651
DefaultAug,Xception,brightness_3,2024-04-10 23:12:15.095544,0.9444742524090746
DefaultAug,Xception,contrast_3,2024-04-10 23:12:18.564946,0.8145472827577821
DefaultAug,Xception,defocus_blur_3,2024-04-10 23:12:21.097939,0.9410298122822492
DefaultAug,Xception,elastic_3,2024-04-10 23:12:23.624342,0.8965138262032106
DefaultAug,Xception,fog_3,2024-04-10 23:12:26.148521,0.9160886901896904
DefaultAug,Xception,frost_3,2024-04-10 23:12:28.680192,0.8051682933113629
DefaultAug,Xception,frosted_glass_blur_3,2024-04-10 23:12:31.229421,0.7402860806044413
DefaultAug,Xception,gaussian_blur_3,2024-04-10 23:12:33.749872,0.8981618952925462
DefaultAug,Xception,gaussian_noise_3,2024-04-10 23:12:36.292792,0.6288581911953929
DefaultAug,Xception,impulse_noise_3,2024-04-10 23:12:38.815703,0.6881317825264953
DefaultAug,Xception,jpeg_compression_3,2024-04-10 23:12:41.340320,0.8647664381460057
DefaultAug,Xception,motion_blur_3,2024-04-10 23:12:43.867024,0.8308299011248801
DefaultAug,Xception,pixelate_3,2024-04-10 23:12:46.397015,0.8826507875907101
DefaultAug,Xception,saturate_3,2024-04-10 23:12:48.921332,0.9572692394686774
DefaultAug,Xception,shot_noise_3,2024-04-10 23:12:51.449444,0.7077562876228157
DefaultAug,Xception,snow_3,2024-04-10 23:12:53.968008,0.8364526344813186
DefaultAug,Xception,spatter_3,2024-04-10 23:12:56.498596,0.8407301700608996
DefaultAug,Xception,speckle_noise_3,2024-04-10 23:12:59.024860,0.7564107541484453
DefaultAug,Xception,zoom_blur_3,2024-04-10 23:13:01.557401,0.8599715938165462
DefaultAug,Xception,brightness_3,2024-04-10 23:27:00.625506,0.9692975546689306
DefaultAug,Xception,contrast_3,2024-04-10 23:27:04.092673,0.8676414173615568
DefaultAug,Xception,defocus_blur_3,2024-04-10 23:27:06.623592,0.97474660985185
DefaultAug,Xception,elastic_3,2024-04-10 23:27:09.140950,0.9422893058021252
DefaultAug,Xception,fog_3,2024-04-10 23:27:11.662736,0.9337615966605174
DefaultAug,Xception,frost_3,2024-04-10 23:27:14.169777,0.788426272388172
DefaultAug,Xception,frosted_glass_blur_3,2024-04-10 23:27:16.689429,0.7086344439667605
DefaultAug,Xception,gaussian_blur_3,2024-04-10 23:27:19.217623,0.9527171690285714
DefaultAug,Xception,gaussian_noise_3,2024-04-10 23:27:21.736796,0.6077951094168826
DefaultAug,Xception,impulse_noise_3,2024-04-10 23:27:24.274166,0.666156101616156
DefaultAug,Xception,jpeg_compression_3,2024-04-10 23:27:26.811369,0.8677362361173907
DefaultAug,Xception,motion_blur_3,2024-04-10 23:27:29.332976,0.8696794890726212
DefaultAug,Xception,pixelate_3,2024-04-10 23:27:31.856145,0.8783398136079901
DefaultAug,Xception,saturate_3,2024-04-10 23:27:34.390483,0.9783980935645842
DefaultAug,Xception,shot_noise_3,2024-04-10 23:27:36.927976,0.6875679465164541
DefaultAug,Xception,snow_3,2024-04-10 23:27:39.453249,0.8362858044766256
DefaultAug,Xception,spatter_3,2024-04-10 23:27:41.967562,0.8393949497125087
DefaultAug,Xception,speckle_noise_3,2024-04-10 23:27:44.484494,0.747442551601816
DefaultAug,Xception,zoom_blur_3,2024-04-10 23:27:47.008113,0.930519444283003
DefaultAug+S&P,Xception,brightness_3,2024-04-10 23:49:27.518539,0.9014576816720934
DefaultAug+S&P,Xception,contrast_3,2024-04-10 23:49:30.073292,0.7024570540790706
DefaultAug+S&P,Xception,defocus_blur_3,2024-04-10 23:49:32.611518,0.9159262115929886
DefaultAug+S&P,Xception,elastic_3,2024-04-10 23:49:35.187614,0.8814985383144721
DefaultAug+S&P,Xception,fog_3,2024-04-10 23:49:37.727070,0.8498454164950091
DefaultAug+S&P,Xception,frost_3,2024-04-10 23:49:40.281501,0.8224204250500536
DefaultAug+S&P,Xception,frosted_glass_blur_3,2024-04-10 23:49:42.825301,0.8776139723990521
DefaultAug+S&P,Xception,gaussian_blur_3,2024-04-10 23:49:45.355542,0.8981745994912822
DefaultAug+S&P,Xception,gaussian_noise_3,2024-04-10 23:49:47.919926,0.8764960835340903
DefaultAug+S&P,Xception,impulse_noise_3,2024-04-10 23:49:50.450180,0.8901030870330129
DefaultAug+S&P,Xception,jpeg_compression_3,2024-04-10 23:49:52.983459,0.9001708447764442
DefaultAug+S&P,Xception,motion_blur_3,2024-04-10 23:49:55.578367,0.8062773524662115
DefaultAug+S&P,Xception,pixelate_3,2024-04-10 23:49:58.134313,0.9233424189616226
DefaultAug+S&P,Xception,saturate_3,2024-04-10 23:50:00.657833,0.8963296080059214
DefaultAug+S&P,Xception,shot_noise_3,2024-04-10 23:50:03.200869,0.901343053145431
DefaultAug+S&P,Xception,snow_3,2024-04-10 23:50:05.745601,0.8439309412377943
DefaultAug+S&P,Xception,spatter_3,2024-04-10 23:50:08.282331,0.8287676934853575
DefaultAug+S&P,Xception,speckle_noise_3,2024-04-10 23:50:10.830595,0.9085422110598907
DefaultAug+S&P,Xception,zoom_blur_3,2024-04-10 23:50:13.358013,0.8898488684903786
DefaultAug+S&P,Xception,brightness_3,2024-04-11 00:00:07.694088,0.917407193043168
DefaultAug+S&P,Xception,contrast_3,2024-04-11 00:00:10.249142,0.6955375960595317
DefaultAug+S&P,Xception,defocus_blur_3,2024-04-11 00:00:12.801459,0.912741857447115
DefaultAug+S&P,Xception,elastic_3,2024-04-11 00:00:15.348229,0.8797808221085631
DefaultAug+S&P,Xception,fog_3,2024-04-11 00:00:17.871798,0.8257994205446941
DefaultAug+S&P,Xception,frost_3,2024-04-11 00:00:20.403710,0.827554848125773
DefaultAug+S&P,Xception,frosted_glass_blur_3,2024-04-11 00:00:22.943722,0.8635420566905537
DefaultAug+S&P,Xception,gaussian_blur_3,2024-04-11 00:00:25.472843,0.8886057128516021
DefaultAug+S&P,Xception,gaussian_noise_3,2024-04-11 00:00:28.009784,0.877992756976097
DefaultAug+S&P,Xception,impulse_noise_3,2024-04-11 00:00:30.557648,0.8848713998829462
DefaultAug+S&P,Xception,jpeg_compression_3,2024-04-11 00:00:33.093536,0.9008176460071464
DefaultAug+S&P,Xception,motion_blur_3,2024-04-11 00:00:35.639846,0.8077414328073724
DefaultAug+S&P,Xception,pixelate_3,2024-04-11 00:00:38.183692,0.9223607295565288
DefaultAug+S&P,Xception,saturate_3,2024-04-11 00:00:40.735833,0.9125890483359136
DefaultAug+S&P,Xception,shot_noise_3,2024-04-11 00:00:43.271518,0.8943459835336054
DefaultAug+S&P,Xception,snow_3,2024-04-11 00:00:45.807376,0.8134215339994826
DefaultAug+S&P,Xception,spatter_3,2024-04-11 00:00:48.352315,0.7856192306769997
DefaultAug+S&P,Xception,speckle_noise_3,2024-04-11 00:00:50.886688,0.9066974254077323
DefaultAug+S&P,Xception,zoom_blur_3,2024-04-11 00:00:53.421916,0.8897461118149452
DefaultAug+S&P,Xception,brightness_3,2024-04-11 00:09:58.842190,0.9272486775221896
DefaultAug+S&P,Xception,contrast_3,2024-04-11 00:10:01.375560,0.7551818500495284
DefaultAug+S&P,Xception,defocus_blur_3,2024-04-11 00:10:03.906223,0.9448808854044024
DefaultAug+S&P,Xception,elastic_3,2024-04-11 00:10:06.451675,0.910450253496924
DefaultAug+S&P,Xception,fog_3,2024-04-11 00:10:09.003148,0.8728848862000866
DefaultAug+S&P,Xception,frost_3,2024-04-11 00:10:11.529525,0.8257016846205133
DefaultAug+S&P,Xception,frosted_glass_blur_3,2024-04-11 00:10:14.063977,0.889296267259166
DefaultAug+S&P,Xception,gaussian_blur_3,2024-04-11 00:10:16.592310,0.926728286336514
DefaultAug+S&P,Xception,gaussian_noise_3,2024-04-11 00:10:19.148546,0.8896144364264706
DefaultAug+S&P,Xception,impulse_noise_3,2024-04-11 00:10:21.686063,0.9062474729750012
DefaultAug+S&P,Xception,jpeg_compression_3,2024-04-11 00:10:24.216587,0.925958542109942
DefaultAug+S&P,Xception,motion_blur_3,2024-04-11 00:10:26.756548,0.8419561311572729
DefaultAug+S&P,Xception,pixelate_3,2024-04-11 00:10:29.325791,0.9424628969299068
DefaultAug+S&P,Xception,saturate_3,2024-04-11 00:10:31.859362,0.937151397630514
DefaultAug+S&P,Xception,shot_noise_3,2024-04-11 00:10:34.396911,0.9169527211157112
DefaultAug+S&P,Xception,snow_3,2024-04-11 00:10:36.961624,0.8505099008905284
DefaultAug+S&P,Xception,spatter_3,2024-04-11 00:10:39.503559,0.8445960288184177
DefaultAug+S&P,Xception,speckle_noise_3,2024-04-11 00:10:42.045546,0.9311964704157824
DefaultAug+S&P,Xception,zoom_blur_3,2024-04-11 00:10:44.580737,0.9182774711935676
DefaultAug+S&P,Xception,brightness_3,2024-04-11 00:21:28.398601,0.9291267548563577
DefaultAug+S&P,Xception,contrast_3,2024-04-11 00:21:30.942979,0.726602638590274
DefaultAug+S&P,Xception,defocus_blur_3,2024-04-11 00:21:33.481424,0.9455377499059908
DefaultAug+S&P,Xception,elastic_3,2024-04-11 00:21:36.016521,0.9086091939618536
DefaultAug+S&P,Xception,fog_3,2024-04-11 00:21:38.546876,0.8516588294953594
DefaultAug+S&P,Xception,frost_3,2024-04-11 00:21:41.085718,0.8069484421466797
DefaultAug+S&P,Xception,frosted_glass_blur_3,2024-04-11 00:21:43.633489,0.9069368194051112
DefaultAug+S&P,Xception,gaussian_blur_3,2024-04-11 00:21:46.183160,0.9242127568243124
DefaultAug+S&P,Xception,gaussian_noise_3,2024-04-11 00:21:48.725733,0.9010190640591867
DefaultAug+S&P,Xception,impulse_noise_3,2024-04-11 00:21:51.262743,0.9199156254336398
DefaultAug+S&P,Xception,jpeg_compression_3,2024-04-11 00:21:53.801969,0.9338780192114948
DefaultAug+S&P,Xception,motion_blur_3,2024-04-11 00:21:56.355100,0.8358652291214097
DefaultAug+S&P,Xception,pixelate_3,2024-04-11 00:21:58.895816,0.9491552994194598
DefaultAug+S&P,Xception,saturate_3,2024-04-11 00:22:01.438258,0.9469386397998638
DefaultAug+S&P,Xception,shot_noise_3,2024-04-11 00:22:03.971761,0.9217010502183915
DefaultAug+S&P,Xception,snow_3,2024-04-11 00:22:06.734978,0.8357082652556678
DefaultAug+S&P,Xception,spatter_3,2024-04-11 00:22:09.290726,0.8334567818926267
DefaultAug+S&P,Xception,speckle_noise_3,2024-04-11 00:22:11.828500,0.933238068335948
DefaultAug+S&P,Xception,zoom_blur_3,2024-04-11 00:22:14.378248,0.920718893768052
DefaultAug+S&P,Xception,brightness_3,2024-04-11 00:31:19.522888,0.9376404986425292
DefaultAug+S&P,Xception,contrast_3,2024-04-11 00:31:22.060221,0.7129568459033002
DefaultAug+S&P,Xception,defocus_blur_3,2024-04-11 00:31:24.599851,0.952820077867301
DefaultAug+S&P,Xception,elastic_3,2024-04-11 00:31:27.145033,0.9230061568552064
DefaultAug+S&P,Xception,fog_3,2024-04-11 00:31:29.684847,0.8646075664451489
DefaultAug+S&P,Xception,frost_3,2024-04-11 00:31:32.224600,0.8507082250055271
DefaultAug+S&P,Xception,frosted_glass_blur_3,2024-04-11 00:31:34.753909,0.901155845122255
DefaultAug+S&P,Xception,gaussian_blur_3,2024-04-11 00:31:37.290686,0.9354228451089768
DefaultAug+S&P,Xception,gaussian_noise_3,2024-04-11 00:31:39.836390,0.8782133616041502
DefaultAug+S&P,Xception,impulse_noise_3,2024-04-11 00:31:42.378301,0.9079741053683856
DefaultAug+S&P,Xception,jpeg_compression_3,2024-04-11 00:31:44.923027,0.9283460596661224
DefaultAug+S&P,Xception,motion_blur_3,2024-04-11 00:31:47.461348,0.8609066246119361
DefaultAug+S&P,Xception,pixelate_3,2024-04-11 00:31:49.984237,0.9464283174653644
DefaultAug+S&P,Xception,saturate_3,2024-04-11 00:31:52.527957,0.933762588737838
DefaultAug+S&P,Xception,shot_noise_3,2024-04-11 00:31:55.086626,0.9074802828482448
DefaultAug+S&P,Xception,snow_3,2024-04-11 00:31:57.633352,0.8385160219658946
DefaultAug+S&P,Xception,spatter_3,2024-04-11 00:32:00.179839,0.8118127878394461
DefaultAug+S&P,Xception,speckle_noise_3,2024-04-11 00:32:02.727586,0.9194230447033934
DefaultAug+S&P,Xception,zoom_blur_3,2024-04-11 00:32:05.255796,0.9327256937006968
